Cycle,Area(mm^2),PeakDynamic(W),PeakDynamicEnergy(W),clockRate(MHz),SubthresholdLeakage(W),GateLeakage(W),RunTimeDynamic(W)
124000000,13.0892,0.726309,0.000000,700000000.000000,0.432316,0.001509,0.437439
124001000,13.0892,0.726309,0.000000,700000000.000000,0.432316,0.001509,0.431707
124002000,13.0892,0.726309,0.000000,700000000.000000,0.432316,0.001509,0.433921
124003000,13.0892,0.726309,0.000000,700000000.000000,0.432316,0.001509,0.447176
124004000,13.0892,0.726309,0.000000,700000000.000000,0.432316,0.001509,0.424275
124005000,13.0892,0.726309,0.000000,700000000.000000,0.432316,0.001509,0.466418
124006000,13.0892,0.726309,0.000000,700000000.000000,0.432316,0.001509,0.459728
124007000,13.0892,0.726309,0.000000,700000000.000000,0.432316,0.001509,0.450575
124008000,13.0892,0.726309,0.000000,700000000.000000,0.432316,0.001509,0.465609
124009000,13.0892,0.726309,0.000000,700000000.000000,0.432316,0.001509,0.444056
124010000,13.0892,0.726309,0.000000,700000000.000000,0.432316,0.001509,0.461050
124011000,13.0892,0.726309,0.000000,700000000.000000,0.432316,0.001509,0.480012
124012000,13.0892,0.726309,0.000000,700000000.000000,0.432316,0.001509,0.439889
124013000,13.0892,0.726309,0.000000,700000000.000000,0.432316,0.001509,0.470186
124014000,13.0892,0.726309,0.000000,700000000.000000,0.432316,0.001509,0.457469
124015000,13.0892,0.726309,0.000000,700000000.000000,0.432316,0.001509,0.458764
124016000,13.0892,0.726309,0.000000,700000000.000000,0.432316,0.001509,0.487637
124017000,13.0892,0.726309,0.000000,700000000.000000,0.432316,0.001509,0.423369
124018000,13.0892,0.726309,0.000000,700000000.000000,0.432316,0.001509,0.492522
124019000,13.0892,0.726309,0.000000,700000000.000000,0.432316,0.001509,0.440502
124020000,13.0892,0.726309,0.000000,700000000.000000,0.432316,0.001509,0.467038
124021000,13.0892,0.726309,0.000000,700000000.000000,0.432316,0.001509,0.480248
124022000,13.0892,0.726309,0.000000,700000000.000000,0.432316,0.001509,0.437278
124023000,13.0892,0.726309,0.000000,700000000.000000,0.432316,0.001509,0.476978
124024000,13.0892,0.726309,0.000000,700000000.000000,0.432316,0.001509,0.450835
124025000,13.0892,0.726309,0.000000,700000000.000000,0.432316,0.001509,0.443097
124026000,13.0892,0.726309,0.000000,700000000.000000,0.432316,0.001509,0.458161
124027000,13.0892,0.726309,0.000000,700000000.000000,0.432316,0.001509,0.419119
124028000,13.0892,0.726309,0.000000,700000000.000000,0.432316,0.001509,0.462781
124029000,13.0892,0.726309,0.000000,700000000.000000,0.432316,0.001509,0.433225
124030000,13.0892,0.726309,0.000000,700000000.000000,0.432316,0.001509,0.447395
124031000,13.0892,0.726309,0.000000,700000000.000000,0.432316,0.001509,0.450295
124032000,13.0892,0.726309,0.000000,700000000.000000,0.432316,0.001509,0.480949
124033000,13.0892,0.726309,0.000000,700000000.000000,0.432316,0.001509,0.496240
124034000,13.0892,0.726309,0.000000,700000000.000000,0.432316,0.001509,0.486753
124035000,13.0892,0.726309,0.000000,700000000.000000,0.432316,0.001509,0.484942
124036000,13.0892,0.726309,0.000000,700000000.000000,0.432316,0.001509,0.489656
124037000,13.0892,0.726309,0.000000,700000000.000000,0.432316,0.001509,0.484871
124038000,13.0892,0.726309,0.000000,700000000.000000,0.432316,0.001509,0.489300
124039000,13.0892,0.726309,0.000000,700000000.000000,0.432316,0.001509,0.491753
124040000,13.0892,0.726309,0.000000,700000000.000000,0.432316,0.001509,0.484296
124041000,13.0892,0.726309,0.000000,700000000.000000,0.432316,0.001509,0.494138
124042000,13.0892,0.726309,0.000000,700000000.000000,0.432316,0.001509,0.500987
124043000,13.0892,0.726309,0.000000,700000000.000000,0.432316,0.001509,0.515072
124044000,13.0892,0.726309,0.000000,700000000.000000,0.432316,0.001509,0.517782
124045000,13.0892,0.726309,0.000000,700000000.000000,0.432316,0.001509,0.498974
124046000,13.0892,0.726309,0.000000,700000000.000000,0.432316,0.001509,0.518259
124047000,13.0892,0.726309,0.000000,700000000.000000,0.432316,0.001509,0.504059
124048000,13.0892,0.726309,0.000000,700000000.000000,0.432316,0.001509,0.515320
124049000,13.0892,0.726309,0.000000,700000000.000000,0.432316,0.001509,0.507871
124050000,13.0892,0.726309,0.000000,700000000.000000,0.432316,0.001509,0.511421
124051000,13.0892,0.726309,0.000000,700000000.000000,0.432316,0.001509,0.515729
124052000,13.0892,0.726309,0.000000,700000000.000000,0.432316,0.001509,0.500409
124053000,13.0892,0.726309,0.000000,700000000.000000,0.432316,0.001509,0.514049
124054000,13.0892,0.726309,0.000000,700000000.000000,0.432316,0.001509,0.501598
124055000,13.0892,0.726309,0.000000,700000000.000000,0.432316,0.001509,0.495525
124056000,13.0892,0.726309,0.000000,700000000.000000,0.432316,0.001509,0.493541
124057000,13.0892,0.726309,0.000000,700000000.000000,0.432316,0.001509,0.484735
124058000,13.0892,0.726309,0.000000,700000000.000000,0.432316,0.001509,0.493869
124059000,13.0892,0.726309,0.000000,700000000.000000,0.432316,0.001509,0.496480
124060000,13.0892,0.726309,0.000000,700000000.000000,0.432316,0.001509,0.487950
124061000,13.0892,0.726309,0.000000,700000000.000000,0.432316,0.001509,0.491214
124062000,13.0892,0.726309,0.000000,700000000.000000,0.432316,0.001509,0.492180
124063000,13.0892,0.726309,0.000000,700000000.000000,0.432316,0.001509,0.493918
124064000,13.0892,0.726309,0.000000,700000000.000000,0.432316,0.001509,0.490311
124065000,13.0892,0.726309,0.000000,700000000.000000,0.432316,0.001509,0.493185
124066000,13.0892,0.726309,0.000000,700000000.000000,0.432316,0.001509,0.491220
124067000,13.0892,0.726309,0.000000,700000000.000000,0.432316,0.001509,0.493348
124068000,13.0892,0.726309,0.000000,700000000.000000,0.432316,0.001509,0.484888
124069000,13.0892,0.726309,0.000000,700000000.000000,0.432316,0.001509,0.503175
124070000,13.0892,0.726309,0.000000,700000000.000000,0.432316,0.001509,0.482731
124071000,13.0892,0.726309,0.000000,700000000.000000,0.432316,0.001509,0.496800
124072000,13.0892,0.726309,0.000000,700000000.000000,0.432316,0.001509,0.488751
124073000,13.0892,0.726309,0.000000,700000000.000000,0.432316,0.001509,0.494363
124074000,13.0892,0.726309,0.000000,700000000.000000,0.432316,0.001509,0.496008
124075000,13.0892,0.726309,0.000000,700000000.000000,0.432316,0.001509,0.483077
124076000,13.0892,0.726309,0.000000,700000000.000000,0.432316,0.001509,0.498966
124077000,13.0892,0.726309,0.000000,700000000.000000,0.432316,0.001509,0.489606
124078000,13.0892,0.726309,0.000000,700000000.000000,0.432316,0.001509,0.490571
124079000,13.0892,0.726309,0.000000,700000000.000000,0.432316,0.001509,0.496974
124080000,13.0892,0.726309,0.000000,700000000.000000,0.432316,0.001509,0.484959
124081000,13.0892,0.726309,0.000000,700000000.000000,0.432316,0.001509,0.499123
124082000,13.0892,0.726309,0.000000,700000000.000000,0.432316,0.001509,0.484420
124083000,13.0892,0.726309,0.000000,700000000.000000,0.432316,0.001509,0.497081
124084000,13.0892,0.726309,0.000000,700000000.000000,0.432316,0.001509,0.495497
124085000,13.0892,0.726309,0.000000,700000000.000000,0.432316,0.001509,0.485742
124086000,13.0892,0.726309,0.000000,700000000.000000,0.432316,0.001509,0.492943
124087000,13.0892,0.726309,0.000000,700000000.000000,0.432316,0.001509,0.489130
124088000,13.0892,0.726309,0.000000,700000000.000000,0.432316,0.001509,0.497433
124089000,13.0892,0.726309,0.000000,700000000.000000,0.432316,0.001509,0.495819
124090000,13.0892,0.726309,0.000000,700000000.000000,0.432316,0.001509,0.485273
124091000,13.0892,0.726309,0.000000,700000000.000000,0.432316,0.001509,0.498727
124092000,13.0892,0.726309,0.000000,700000000.000000,0.432316,0.001509,0.485076
124093000,13.0892,0.726309,0.000000,700000000.000000,0.432316,0.001509,0.498883
124094000,13.0892,0.726309,0.000000,700000000.000000,0.432316,0.001509,0.488568
124095000,13.0892,0.726309,0.000000,700000000.000000,0.432316,0.001509,0.489064
124096000,13.0892,0.726309,0.000000,700000000.000000,0.432316,0.001509,0.481283
124097000,13.0892,0.726309,0.000000,700000000.000000,0.432316,0.001509,0.497107
124098000,13.0892,0.726309,0.000000,700000000.000000,0.432316,0.001509,0.489605
124099000,13.0892,0.726309,0.000000,700000000.000000,0.432316,0.001509,0.494818
124100000,13.0892,0.726309,0.000000,700000000.000000,0.432316,0.001509,0.487153
124101000,13.0892,0.726309,0.000000,700000000.000000,0.432316,0.001509,0.497224
124102000,13.0892,0.726309,0.000000,700000000.000000,0.432316,0.001509,0.489322
124103000,13.0892,0.726309,0.000000,700000000.000000,0.432316,0.001509,0.492246
124104000,13.0892,0.726309,0.000000,700000000.000000,0.432316,0.001509,0.486796
124105000,13.0892,0.726309,0.000000,700000000.000000,0.432316,0.001509,0.499686
124106000,13.0892,0.726309,0.000000,700000000.000000,0.432316,0.001509,0.489934
124107000,13.0892,0.726309,0.000000,700000000.000000,0.432316,0.001509,0.488692
124108000,13.0892,0.726309,0.000000,700000000.000000,0.432316,0.001509,0.495107
124109000,13.0892,0.726309,0.000000,700000000.000000,0.432316,0.001509,0.488595
124110000,13.0892,0.726309,0.000000,700000000.000000,0.432316,0.001509,0.496244
124111000,13.0892,0.726309,0.000000,700000000.000000,0.432316,0.001509,0.486566
124112000,13.0892,0.726309,0.000000,700000000.000000,0.432316,0.001509,0.495477
124113000,13.0892,0.726309,0.000000,700000000.000000,0.432316,0.001509,0.492131
124114000,13.0892,0.726309,0.000000,700000000.000000,0.432316,0.001509,0.488572
124115000,13.0892,0.726309,0.000000,700000000.000000,0.432316,0.001509,0.499053
124116000,13.0892,0.726309,0.000000,700000000.000000,0.432316,0.001509,0.483624
124117000,13.0892,0.726309,0.000000,700000000.000000,0.432316,0.001509,0.497708
124118000,13.0892,0.726309,0.000000,700000000.000000,0.432316,0.001509,0.491387
124119000,13.0892,0.726309,0.000000,700000000.000000,0.432316,0.001509,0.490656
124120000,13.0892,0.726309,0.000000,700000000.000000,0.432316,0.001509,0.498418
124121000,13.0892,0.726309,0.000000,700000000.000000,0.432316,0.001509,0.481759
124122000,13.0892,0.726309,0.000000,700000000.000000,0.432316,0.001509,0.495384
124123000,13.0892,0.726309,0.000000,700000000.000000,0.432316,0.001509,0.503049
124124000,13.0892,0.726309,0.000000,700000000.000000,0.432316,0.001509,0.513746
124125000,13.0892,0.726309,0.000000,700000000.000000,0.432316,0.001509,0.512193
124126000,13.0892,0.726309,0.000000,700000000.000000,0.432316,0.001509,0.512766
124127000,13.0892,0.726309,0.000000,700000000.000000,0.432316,0.001509,0.513206
124128000,13.0892,0.726309,0.000000,700000000.000000,0.432316,0.001509,0.517862
124129000,13.0892,0.726309,0.000000,700000000.000000,0.432316,0.001509,0.507280
124130000,13.0892,0.726309,0.000000,700000000.000000,0.432316,0.001509,0.517899
124131000,13.0892,0.726309,0.000000,700000000.000000,0.432316,0.001509,0.509476
124132000,13.0892,0.726309,0.000000,700000000.000000,0.432316,0.001509,0.514924
124133000,13.0892,0.726309,0.000000,700000000.000000,0.432316,0.001509,0.515987
124134000,13.0892,0.726309,0.000000,700000000.000000,0.432316,0.001509,0.510785
124135000,13.0892,0.726309,0.000000,700000000.000000,0.432316,0.001509,0.514339
124136000,13.0892,0.726309,0.000000,700000000.000000,0.432316,0.001509,0.511397
124137000,13.0892,0.726309,0.000000,700000000.000000,0.432316,0.001509,0.513522
124138000,13.0892,0.726309,0.000000,700000000.000000,0.432316,0.001509,0.520610
124139000,13.0892,0.726309,0.000000,700000000.000000,0.432316,0.001509,0.504665
124140000,13.0892,0.726309,0.000000,700000000.000000,0.432316,0.001509,0.520247
124141000,13.0892,0.726309,0.000000,700000000.000000,0.432316,0.001509,0.507466
124142000,13.0892,0.726309,0.000000,700000000.000000,0.432316,0.001509,0.517668
124143000,13.0892,0.726309,0.000000,700000000.000000,0.432316,0.001509,0.513493
124144000,13.0892,0.726309,0.000000,700000000.000000,0.432316,0.001509,0.511654
124145000,13.0892,0.726309,0.000000,700000000.000000,0.432316,0.001509,0.516999
124146000,13.0892,0.726309,0.000000,700000000.000000,0.432316,0.001509,0.510375
124147000,13.0892,0.726309,0.000000,700000000.000000,0.432316,0.001509,0.513855
124148000,13.0892,0.726309,0.000000,700000000.000000,0.432316,0.001509,0.516254
124149000,13.0892,0.726309,0.000000,700000000.000000,0.432316,0.001509,0.509028
124150000,13.0892,0.726309,0.000000,700000000.000000,0.432316,0.001509,0.516630
124151000,13.0892,0.726309,0.000000,700000000.000000,0.432316,0.001509,0.511059
124152000,13.0892,0.726309,0.000000,700000000.000000,0.432316,0.001509,0.514639
124153000,13.0892,0.726309,0.000000,700000000.000000,0.432316,0.001509,0.513967
124154000,13.0892,0.726309,0.000000,700000000.000000,0.432316,0.001509,0.513737
124155000,13.0892,0.726309,0.000000,700000000.000000,0.432316,0.001509,0.510479
124156000,13.0892,0.726309,0.000000,700000000.000000,0.432316,0.001509,0.514943
124157000,13.0892,0.726309,0.000000,700000000.000000,0.432316,0.001509,0.511051
124158000,13.0892,0.726309,0.000000,700000000.000000,0.432316,0.001509,0.517243
124159000,13.0892,0.726309,0.000000,700000000.000000,0.432316,0.001509,0.508557
124160000,13.0892,0.726309,0.000000,700000000.000000,0.432316,0.001509,0.516162
124161000,13.0892,0.726309,0.000000,700000000.000000,0.432316,0.001509,0.509061
124162000,13.0892,0.726309,0.000000,700000000.000000,0.432316,0.001509,0.515811
124163000,13.0892,0.726309,0.000000,700000000.000000,0.432316,0.001509,0.515085
124164000,13.0892,0.726309,0.000000,700000000.000000,0.432316,0.001509,0.510101
124165000,13.0892,0.726309,0.000000,700000000.000000,0.432316,0.001509,0.514949
124166000,13.0892,0.726309,0.000000,700000000.000000,0.432316,0.001509,0.514649
124167000,13.0892,0.726309,0.000000,700000000.000000,0.432316,0.001509,0.510367
124168000,13.0892,0.726309,0.000000,700000000.000000,0.432316,0.001509,0.520538
124169000,13.0892,0.726309,0.000000,700000000.000000,0.432316,0.001509,0.504853
124170000,13.0892,0.726309,0.000000,700000000.000000,0.432316,0.001509,0.520336
124171000,13.0892,0.726309,0.000000,700000000.000000,0.432316,0.001509,0.510732
124172000,13.0892,0.726309,0.000000,700000000.000000,0.432316,0.001509,0.514227
124173000,13.0892,0.726309,0.000000,700000000.000000,0.432316,0.001509,0.513371
124174000,13.0892,0.726309,0.000000,700000000.000000,0.432316,0.001509,0.511445
124175000,13.0892,0.726309,0.000000,700000000.000000,0.432316,0.001509,0.515573
124176000,13.0892,0.726309,0.000000,700000000.000000,0.432316,0.001509,0.514954
124177000,13.0892,0.726309,0.000000,700000000.000000,0.432316,0.001509,0.510990
124178000,13.0892,0.726309,0.000000,700000000.000000,0.432316,0.001509,0.513890
124179000,13.0892,0.726309,0.000000,700000000.000000,0.432316,0.001509,0.511315
124180000,13.0892,0.726309,0.000000,700000000.000000,0.432316,0.001509,0.514490
124181000,13.0892,0.726309,0.000000,700000000.000000,0.432316,0.001509,0.516571
124182000,13.0892,0.726309,0.000000,700000000.000000,0.432316,0.001509,0.508577
124183000,13.0892,0.726309,0.000000,700000000.000000,0.432316,0.001509,0.516814
124184000,13.0892,0.726309,0.000000,700000000.000000,0.432316,0.001509,0.511443
124185000,13.0892,0.726309,0.000000,700000000.000000,0.432316,0.001509,0.513948
124186000,13.0892,0.726309,0.000000,700000000.000000,0.432316,0.001509,0.517097
124187000,13.0892,0.726309,0.000000,700000000.000000,0.432316,0.001509,0.507225
124188000,13.0892,0.726309,0.000000,700000000.000000,0.432316,0.001509,0.518119
124189000,13.0892,0.726309,0.000000,700000000.000000,0.432316,0.001509,0.509054
124190000,13.0892,0.726309,0.000000,700000000.000000,0.432316,0.001509,0.515176
124191000,13.0892,0.726309,0.000000,700000000.000000,0.432316,0.001509,0.519076
124192000,13.0892,0.726309,0.000000,700000000.000000,0.432316,0.001509,0.505781
124193000,13.0892,0.726309,0.000000,700000000.000000,0.432316,0.001509,0.519423
124194000,13.0892,0.726309,0.000000,700000000.000000,0.432316,0.001509,0.508267
124195000,13.0892,0.726309,0.000000,700000000.000000,0.432316,0.001509,0.516692
124196000,13.0892,0.726309,0.000000,700000000.000000,0.432316,0.001509,0.513206
124197000,13.0892,0.726309,0.000000,700000000.000000,0.432316,0.001509,0.512185
124198000,13.0892,0.726309,0.000000,700000000.000000,0.432316,0.001509,0.516211
124199000,13.0892,0.726309,0.000000,700000000.000000,0.432316,0.001509,0.511383
124200000,13.0892,0.726309,0.000000,700000000.000000,0.432316,0.001509,0.512738
124201000,13.0892,0.726309,0.000000,700000000.000000,0.432316,0.001509,0.514924
124202000,13.0892,0.726309,0.000000,700000000.000000,0.432316,0.001509,0.510310
124203000,13.0892,0.726309,0.000000,700000000.000000,0.432316,0.001509,0.516838
124204000,13.0892,0.726309,0.000000,700000000.000000,0.432316,0.001509,0.510701
124205000,13.0892,0.726309,0.000000,700000000.000000,0.432316,0.001509,0.514752
124206000,13.0892,0.726309,0.000000,700000000.000000,0.432316,0.001509,0.513429
124207000,13.0892,0.726309,0.000000,700000000.000000,0.432316,0.001509,0.514933
124208000,13.0892,0.726309,0.000000,700000000.000000,0.432316,0.001509,0.510342
124209000,13.0892,0.726309,0.000000,700000000.000000,0.432316,0.001509,0.516985
124210000,13.0892,0.726309,0.000000,700000000.000000,0.432316,0.001509,0.514083
124211000,13.0892,0.726309,0.000000,700000000.000000,0.432316,0.001509,0.516187
124212000,13.0892,0.726309,0.000000,700000000.000000,0.432316,0.001509,0.509205
124213000,13.0892,0.726309,0.000000,700000000.000000,0.432316,0.001509,0.519839
124214000,13.0892,0.726309,0.000000,700000000.000000,0.432316,0.001509,0.511322
124215000,13.0892,0.726309,0.000000,700000000.000000,0.432316,0.001509,0.515604
124216000,13.0892,0.726309,0.000000,700000000.000000,0.432316,0.001509,0.514303
124217000,13.0892,0.726309,0.000000,700000000.000000,0.432316,0.001509,0.514625
124218000,13.0892,0.726309,0.000000,700000000.000000,0.432316,0.001509,0.513329
124219000,13.0892,0.726309,0.000000,700000000.000000,0.432316,0.001509,0.511544
124220000,13.0892,0.726309,0.000000,700000000.000000,0.432316,0.001509,0.516729
124221000,13.0892,0.726309,0.000000,700000000.000000,0.432316,0.001509,0.513797
124222000,13.0892,0.726309,0.000000,700000000.000000,0.432316,0.001509,0.511647
124223000,13.0892,0.726309,0.000000,700000000.000000,0.432316,0.001509,0.513901
124224000,13.0892,0.726309,0.000000,700000000.000000,0.432316,0.001509,0.510315
124225000,13.0892,0.726309,0.000000,700000000.000000,0.432316,0.001509,0.514943
124226000,13.0892,0.726309,0.000000,700000000.000000,0.432316,0.001509,0.514854
124227000,13.0892,0.726309,0.000000,700000000.000000,0.432316,0.001509,0.512281
124228000,13.0892,0.726309,0.000000,700000000.000000,0.432316,0.001509,0.512884
124229000,13.0892,0.726309,0.000000,700000000.000000,0.432316,0.001509,0.512986
124230000,13.0892,0.726309,0.000000,700000000.000000,0.432316,0.001509,0.509068
124231000,13.0892,0.726309,0.000000,700000000.000000,0.432316,0.001509,0.521487
124232000,13.0892,0.726309,0.000000,700000000.000000,0.432316,0.001509,0.504248
124233000,13.0892,0.726309,0.000000,700000000.000000,0.432316,0.001509,0.520938
124234000,13.0892,0.726309,0.000000,700000000.000000,0.432316,0.001509,0.505917
124235000,13.0892,0.726309,0.000000,700000000.000000,0.432316,0.001509,0.518004
124236000,13.0892,0.726309,0.000000,700000000.000000,0.432316,0.001509,0.507105
124237000,13.0892,0.726309,0.000000,700000000.000000,0.432316,0.001509,0.518030
124238000,13.0892,0.726309,0.000000,700000000.000000,0.432316,0.001509,0.509465
124239000,13.0892,0.726309,0.000000,700000000.000000,0.432316,0.001509,0.515724
124240000,13.0892,0.726309,0.000000,700000000.000000,0.432316,0.001509,0.510826
124241000,13.0892,0.726309,0.000000,700000000.000000,0.432316,0.001509,0.514134
124242000,13.0892,0.726309,0.000000,700000000.000000,0.432316,0.001509,0.516633
124243000,13.0892,0.726309,0.000000,700000000.000000,0.432316,0.001509,0.510691
124244000,13.0892,0.726309,0.000000,700000000.000000,0.432316,0.001509,0.513850
124245000,13.0892,0.726309,0.000000,700000000.000000,0.432316,0.001509,0.510906
124246000,13.0892,0.726309,0.000000,700000000.000000,0.432316,0.001509,0.514252
124247000,13.0892,0.726309,0.000000,700000000.000000,0.432316,0.001509,0.519660
124248000,13.0892,0.726309,0.000000,700000000.000000,0.432316,0.001509,0.505545
124249000,13.0892,0.726309,0.000000,700000000.000000,0.432316,0.001509,0.518903
124250000,13.0892,0.726309,0.000000,700000000.000000,0.432316,0.001509,0.508896
124251000,13.0892,0.726309,0.000000,700000000.000000,0.432316,0.001509,0.515101
124252000,13.0892,0.726309,0.000000,700000000.000000,0.432316,0.001509,0.518170
124253000,13.0892,0.726309,0.000000,700000000.000000,0.432316,0.001509,0.506925
124254000,13.0892,0.726309,0.000000,700000000.000000,0.432316,0.001509,0.519618
124255000,13.0892,0.726309,0.000000,700000000.000000,0.432316,0.001509,0.508065
124256000,13.0892,0.726309,0.000000,700000000.000000,0.432316,0.001509,0.515740
124257000,13.0892,0.726309,0.000000,700000000.000000,0.432316,0.001509,0.515374
124258000,13.0892,0.726309,0.000000,700000000.000000,0.432316,0.001509,0.509901
124259000,13.0892,0.726309,0.000000,700000000.000000,0.432316,0.001509,0.514329
124260000,13.0892,0.726309,0.000000,700000000.000000,0.432316,0.001509,0.513306
124261000,13.0892,0.726309,0.000000,700000000.000000,0.432316,0.001509,0.514136
124262000,13.0892,0.726309,0.000000,700000000.000000,0.432316,0.001509,0.514329
124263000,13.0892,0.726309,0.000000,700000000.000000,0.432316,0.001509,0.511622
124264000,13.0892,0.726309,0.000000,700000000.000000,0.432316,0.001509,0.513337
124265000,13.0892,0.726309,0.000000,700000000.000000,0.432316,0.001509,0.513206
124266000,13.0892,0.726309,0.000000,700000000.000000,0.432316,0.001509,0.514693
124267000,13.0892,0.726309,0.000000,700000000.000000,0.432316,0.001509,0.513710
124268000,13.0892,0.726309,0.000000,700000000.000000,0.432316,0.001509,0.511469
124269000,13.0892,0.726309,0.000000,700000000.000000,0.432316,0.001509,0.512645
124270000,13.0892,0.726309,0.000000,700000000.000000,0.432316,0.001509,0.515441
124271000,13.0892,0.726309,0.000000,700000000.000000,0.432316,0.001509,0.509794
124272000,13.0892,0.726309,0.000000,700000000.000000,0.432316,0.001509,0.520735
124273000,13.0892,0.726309,0.000000,700000000.000000,0.432316,0.001509,0.504906
124274000,13.0892,0.726309,0.000000,700000000.000000,0.432316,0.001509,0.519912
124275000,13.0892,0.726309,0.000000,700000000.000000,0.432316,0.001509,0.510167
124276000,13.0892,0.726309,0.000000,700000000.000000,0.432316,0.001509,0.514933
124277000,13.0892,0.726309,0.000000,700000000.000000,0.432316,0.001509,0.516112
124278000,13.0892,0.726309,0.000000,700000000.000000,0.432316,0.001509,0.508800
124279000,13.0892,0.726309,0.000000,700000000.000000,0.432316,0.001509,0.516498
124280000,13.0892,0.726309,0.000000,700000000.000000,0.432316,0.001509,0.511051
124281000,13.0892,0.726309,0.000000,700000000.000000,0.432316,0.001509,0.514340
124282000,13.0892,0.726309,0.000000,700000000.000000,0.432316,0.001509,0.516577
124283000,13.0892,0.726309,0.000000,700000000.000000,0.432316,0.001509,0.508814
124284000,13.0892,0.726309,0.000000,700000000.000000,0.432316,0.001509,0.516309
124285000,13.0892,0.726309,0.000000,700000000.000000,0.432316,0.001509,0.510336
124286000,13.0892,0.726309,0.000000,700000000.000000,0.432316,0.001509,0.517887
124287000,13.0892,0.726309,0.000000,700000000.000000,0.432316,0.001509,0.510657
124288000,13.0892,0.726309,0.000000,700000000.000000,0.432316,0.001509,0.514215
124289000,13.0892,0.726309,0.000000,700000000.000000,0.432316,0.001509,0.511426
124290000,13.0892,0.726309,0.000000,700000000.000000,0.432316,0.001509,0.515839
124291000,13.0892,0.726309,0.000000,700000000.000000,0.432316,0.001509,0.510862
124292000,13.0892,0.726309,0.000000,700000000.000000,0.432316,0.001509,0.517691
124293000,13.0892,0.726309,0.000000,700000000.000000,0.432316,0.001509,0.507310
124294000,13.0892,0.726309,0.000000,700000000.000000,0.432316,0.001509,0.515697
124295000,13.0892,0.726309,0.000000,700000000.000000,0.432316,0.001509,0.512202
124296000,13.0892,0.726309,0.000000,700000000.000000,0.432316,0.001509,0.512830
124297000,13.0892,0.726309,0.000000,700000000.000000,0.432316,0.001509,0.517496
124298000,13.0892,0.726309,0.000000,700000000.000000,0.432316,0.001509,0.507888
124299000,13.0892,0.726309,0.000000,700000000.000000,0.432316,0.001509,0.514167
124300000,13.0892,0.726309,0.000000,700000000.000000,0.432316,0.001509,0.515717
124301000,13.0892,0.726309,0.000000,700000000.000000,0.432316,0.001509,0.509408
124302000,13.0892,0.726309,0.000000,700000000.000000,0.432316,0.001509,0.521548
124303000,13.0892,0.726309,0.000000,700000000.000000,0.432316,0.001509,0.503502
124304000,13.0892,0.726309,0.000000,700000000.000000,0.432316,0.001509,0.520419
124305000,13.0892,0.726309,0.000000,700000000.000000,0.432316,0.001509,0.510273
124306000,13.0892,0.726309,0.000000,700000000.000000,0.432316,0.001509,0.514861
124307000,13.0892,0.726309,0.000000,700000000.000000,0.432316,0.001509,0.515149
124308000,13.0892,0.726309,0.000000,700000000.000000,0.432316,0.001509,0.512549
124309000,13.0892,0.726309,0.000000,700000000.000000,0.432316,0.001509,0.513994
124310000,13.0892,0.726309,0.000000,700000000.000000,0.432316,0.001509,0.516642
124311000,13.0892,0.726309,0.000000,700000000.000000,0.432316,0.001509,0.514118
124312000,13.0892,0.726309,0.000000,700000000.000000,0.432316,0.001509,0.513960
124313000,13.0892,0.726309,0.000000,700000000.000000,0.432316,0.001509,0.510682
124314000,13.0892,0.726309,0.000000,700000000.000000,0.432316,0.001509,0.519938
124315000,13.0892,0.726309,0.000000,700000000.000000,0.432316,0.001509,0.510990
124316000,13.0892,0.726309,0.000000,700000000.000000,0.432316,0.001509,0.513890
124317000,13.0892,0.726309,0.000000,700000000.000000,0.432316,0.001509,0.516992
124318000,13.0892,0.726309,0.000000,700000000.000000,0.432316,0.001509,0.507456
124319000,13.0892,0.726309,0.000000,700000000.000000,0.432316,0.001509,0.517928
124320000,13.0892,0.726309,0.000000,700000000.000000,0.432316,0.001509,0.508484
124321000,13.0892,0.726309,0.000000,700000000.000000,0.432316,0.001509,0.516907
124322000,13.0892,0.726309,0.000000,700000000.000000,0.432316,0.001509,0.517220
124323000,13.0892,0.726309,0.000000,700000000.000000,0.432316,0.001509,0.508171
124324000,13.0892,0.726309,0.000000,700000000.000000,0.432316,0.001509,0.517097
124325000,13.0892,0.726309,0.000000,700000000.000000,0.432316,0.001509,0.509123
124326000,13.0892,0.726309,0.000000,700000000.000000,0.432316,0.001509,0.516221
124327000,13.0892,0.726309,0.000000,700000000.000000,0.432316,0.001509,0.514824
124328000,13.0892,0.726309,0.000000,700000000.000000,0.432316,0.001509,0.509406
124329000,13.0892,0.726309,0.000000,700000000.000000,0.432316,0.001509,0.517824
124330000,13.0892,0.726309,0.000000,700000000.000000,0.432316,0.001509,0.509447
124331000,13.0892,0.726309,0.000000,700000000.000000,0.432316,0.001509,0.516908
124332000,13.0892,0.726309,0.000000,700000000.000000,0.432316,0.001509,0.511629
124333000,13.0892,0.726309,0.000000,700000000.000000,0.432316,0.001509,0.513430
124334000,13.0892,0.726309,0.000000,700000000.000000,0.432316,0.001509,0.511215
124335000,13.0892,0.726309,0.000000,700000000.000000,0.432316,0.001509,0.516591
124336000,13.0892,0.726309,0.000000,700000000.000000,0.432316,0.001509,0.510542
124337000,13.0892,0.726309,0.000000,700000000.000000,0.432316,0.001509,0.517899
124338000,13.0892,0.726309,0.000000,700000000.000000,0.432316,0.001509,0.506214
124339000,13.0892,0.726309,0.000000,700000000.000000,0.432316,0.001509,0.518186
124340000,13.0892,0.726309,0.000000,700000000.000000,0.432316,0.001509,0.510991
124341000,13.0892,0.726309,0.000000,700000000.000000,0.432316,0.001509,0.514284
124342000,13.0892,0.726309,0.000000,700000000.000000,0.432316,0.001509,0.515836
124343000,13.0892,0.726309,0.000000,700000000.000000,0.432316,0.001509,0.510181
124344000,13.0892,0.726309,0.000000,700000000.000000,0.432316,0.001509,0.514738
124345000,13.0892,0.726309,0.000000,700000000.000000,0.432316,0.001509,0.514840
124346000,13.0892,0.726309,0.000000,700000000.000000,0.432316,0.001509,0.510435
124347000,13.0892,0.726309,0.000000,700000000.000000,0.432316,0.001509,0.520247
124348000,13.0892,0.726309,0.000000,700000000.000000,0.432316,0.001509,0.505051
124349000,13.0892,0.726309,0.000000,700000000.000000,0.432316,0.001509,0.520083
124350000,13.0892,0.726309,0.000000,700000000.000000,0.432316,0.001509,0.510985
124351000,13.0892,0.726309,0.000000,700000000.000000,0.432316,0.001509,0.514162
124352000,13.0892,0.726309,0.000000,700000000.000000,0.432316,0.001509,0.513737
124353000,13.0892,0.726309,0.000000,700000000.000000,0.432316,0.001509,0.511222
124354000,13.0892,0.726309,0.000000,700000000.000000,0.432316,0.001509,0.516270
124355000,13.0892,0.726309,0.000000,700000000.000000,0.432316,0.001509,0.514531
124356000,13.0892,0.726309,0.000000,700000000.000000,0.432316,0.001509,0.510751
124357000,13.0892,0.726309,0.000000,700000000.000000,0.432316,0.001509,0.515479
124358000,13.0892,0.726309,0.000000,700000000.000000,0.432316,0.001509,0.509796
124359000,13.0892,0.726309,0.000000,700000000.000000,0.432316,0.001509,0.519467
124360000,13.0892,0.726309,0.000000,700000000.000000,0.432316,0.001509,0.514062
124361000,13.0892,0.726309,0.000000,700000000.000000,0.432316,0.001509,0.513102
124362000,13.0892,0.726309,0.000000,700000000.000000,0.432316,0.001509,0.514375
124363000,13.0892,0.726309,0.000000,700000000.000000,0.432316,0.001509,0.512528
124364000,13.0892,0.726309,0.000000,700000000.000000,0.432316,0.001509,0.514100
124365000,13.0892,0.726309,0.000000,700000000.000000,0.432316,0.001509,0.513347
124366000,13.0892,0.726309,0.000000,700000000.000000,0.432316,0.001509,0.515081
124367000,13.0892,0.726309,0.000000,700000000.000000,0.432316,0.001509,0.518670
124368000,13.0892,0.726309,0.000000,700000000.000000,0.432316,0.001509,0.506165
124369000,13.0892,0.726309,0.000000,700000000.000000,0.432316,0.001509,0.518706
124370000,13.0892,0.726309,0.000000,700000000.000000,0.432316,0.001509,0.509408
124371000,13.0892,0.726309,0.000000,700000000.000000,0.432316,0.001509,0.521548
124372000,13.0892,0.726309,0.000000,700000000.000000,0.432316,0.001509,0.509179
124373000,13.0892,0.726309,0.000000,700000000.000000,0.432316,0.001509,0.514742
124374000,13.0892,0.726309,0.000000,700000000.000000,0.432316,0.001509,0.516043
124375000,13.0892,0.726309,0.000000,700000000.000000,0.432316,0.001509,0.514861
124376000,13.0892,0.726309,0.000000,700000000.000000,0.432316,0.001509,0.510671
124377000,13.0892,0.726309,0.000000,700000000.000000,0.432316,0.001509,0.516933
124378000,13.0892,0.726309,0.000000,700000000.000000,0.432316,0.001509,0.509674
124379000,13.0892,0.726309,0.000000,700000000.000000,0.432316,0.001509,0.518547
124380000,13.0892,0.726309,0.000000,700000000.000000,0.432316,0.001509,0.507694
124381000,13.0892,0.726309,0.000000,700000000.000000,0.432316,0.001509,0.517121
124382000,13.0892,0.726309,0.000000,700000000.000000,0.432316,0.001509,0.511105
124383000,13.0892,0.726309,0.000000,700000000.000000,0.432316,0.001509,0.513745
124384000,13.0892,0.726309,0.000000,700000000.000000,0.432316,0.001509,0.516667
124385000,13.0892,0.726309,0.000000,700000000.000000,0.432316,0.001509,0.508730
124386000,13.0892,0.726309,0.000000,700000000.000000,0.432316,0.001509,0.516475
124387000,13.0892,0.726309,0.000000,700000000.000000,0.432316,0.001509,0.515641
124388000,13.0892,0.726309,0.000000,700000000.000000,0.432316,0.001509,0.512251
124389000,13.0892,0.726309,0.000000,700000000.000000,0.432316,0.001509,0.515008
124390000,13.0892,0.726309,0.000000,700000000.000000,0.432316,0.001509,0.513645
124391000,13.0892,0.726309,0.000000,700000000.000000,0.432316,0.001509,0.517220
124392000,13.0892,0.726309,0.000000,700000000.000000,0.432316,0.001509,0.510586
124393000,13.0892,0.726309,0.000000,700000000.000000,0.432316,0.001509,0.514682
124394000,13.0892,0.726309,0.000000,700000000.000000,0.432316,0.001509,0.518155
124395000,13.0892,0.726309,0.000000,700000000.000000,0.432316,0.001509,0.512959
124396000,13.0892,0.726309,0.000000,700000000.000000,0.432316,0.001509,0.512316
124397000,13.0892,0.726309,0.000000,700000000.000000,0.432316,0.001509,0.511914
124398000,13.0892,0.726309,0.000000,700000000.000000,0.432316,0.001509,0.513306
124399000,13.0892,0.726309,0.000000,700000000.000000,0.432316,0.001509,0.517227
124400000,13.0892,0.726309,0.000000,700000000.000000,0.432316,0.001509,0.510484
124401000,13.0892,0.726309,0.000000,700000000.000000,0.432316,0.001509,0.509114
124402000,13.0892,0.726309,0.000000,700000000.000000,0.432316,0.001509,0.515845
124403000,13.0892,0.726309,0.000000,700000000.000000,0.432316,0.001509,0.508283
124404000,13.0892,0.726309,0.000000,700000000.000000,0.432316,0.001509,0.520270
124405000,13.0892,0.726309,0.000000,700000000.000000,0.432316,0.001509,0.507287
124406000,13.0892,0.726309,0.000000,700000000.000000,0.432316,0.001509,0.517993
124407000,13.0892,0.726309,0.000000,700000000.000000,0.432316,0.001509,0.509383
124408000,13.0892,0.726309,0.000000,700000000.000000,0.432316,0.001509,0.515018
124409000,13.0892,0.726309,0.000000,700000000.000000,0.432316,0.001509,0.511714
124410000,13.0892,0.726309,0.000000,700000000.000000,0.432316,0.001509,0.515976
124411000,13.0892,0.726309,0.000000,700000000.000000,0.432316,0.001509,0.510160
124412000,13.0892,0.726309,0.000000,700000000.000000,0.432316,0.001509,0.517921
124413000,13.0892,0.726309,0.000000,700000000.000000,0.432316,0.001509,0.510253
124414000,13.0892,0.726309,0.000000,700000000.000000,0.432316,0.001509,0.514847
124415000,13.0892,0.726309,0.000000,700000000.000000,0.432316,0.001509,0.512215
124416000,13.0892,0.726309,0.000000,700000000.000000,0.432316,0.001509,0.512697
124417000,13.0892,0.726309,0.000000,700000000.000000,0.432316,0.001509,0.516498
124418000,13.0892,0.726309,0.000000,700000000.000000,0.432316,0.001509,0.508893
124419000,13.0892,0.726309,0.000000,700000000.000000,0.432316,0.001509,0.516498
124420000,13.0892,0.726309,0.000000,700000000.000000,0.432316,0.001509,0.514069
124421000,13.0892,0.726309,0.000000,700000000.000000,0.432316,0.001509,0.511322
124422000,13.0892,0.726309,0.000000,700000000.000000,0.432316,0.001509,0.519407
124423000,13.0892,0.726309,0.000000,700000000.000000,0.432316,0.001509,0.504823
124424000,13.0892,0.726309,0.000000,700000000.000000,0.432316,0.001509,0.520301
124425000,13.0892,0.726309,0.000000,700000000.000000,0.432316,0.001509,0.510657
124426000,13.0892,0.726309,0.000000,700000000.000000,0.432316,0.001509,0.514215
124427000,13.0892,0.726309,0.000000,700000000.000000,0.432316,0.001509,0.513568
124428000,13.0892,0.726309,0.000000,700000000.000000,0.432316,0.001509,0.511282
124429000,13.0892,0.726309,0.000000,700000000.000000,0.432316,0.001509,0.514062
124430000,13.0892,0.726309,0.000000,700000000.000000,0.432316,0.001509,0.516906
124431000,13.0892,0.726309,0.000000,700000000.000000,0.432316,0.001509,0.510572
124432000,13.0892,0.726309,0.000000,700000000.000000,0.432316,0.001509,0.512435
124433000,13.0892,0.726309,0.000000,700000000.000000,0.432316,0.001509,0.511685
124434000,13.0892,0.726309,0.000000,700000000.000000,0.432316,0.001509,0.515069
124435000,13.0892,0.726309,0.000000,700000000.000000,0.432316,0.001509,0.515773
124436000,13.0892,0.726309,0.000000,700000000.000000,0.432316,0.001509,0.509732
124437000,13.0892,0.726309,0.000000,700000000.000000,0.432316,0.001509,0.512323
124438000,13.0892,0.726309,0.000000,700000000.000000,0.432316,0.001509,0.512821
124439000,13.0892,0.726309,0.000000,700000000.000000,0.432316,0.001509,0.512304
124440000,13.0892,0.726309,0.000000,700000000.000000,0.432316,0.001509,0.521548
124441000,13.0892,0.726309,0.000000,700000000.000000,0.432316,0.001509,0.503502
124442000,13.0892,0.726309,0.000000,700000000.000000,0.432316,0.001509,0.520419
124443000,13.0892,0.726309,0.000000,700000000.000000,0.432316,0.001509,0.507011
124444000,13.0892,0.726309,0.000000,700000000.000000,0.432316,0.001509,0.518123
124445000,13.0892,0.726309,0.000000,700000000.000000,0.432316,0.001509,0.516300
124446000,13.0892,0.726309,0.000000,700000000.000000,0.432316,0.001509,0.508889
124447000,13.0892,0.726309,0.000000,700000000.000000,0.432316,0.001509,0.516502
124448000,13.0892,0.726309,0.000000,700000000.000000,0.432316,0.001509,0.510872
124449000,13.0892,0.726309,0.000000,700000000.000000,0.432316,0.001509,0.514218
124450000,13.0892,0.726309,0.000000,700000000.000000,0.432316,0.001509,0.516367
124451000,13.0892,0.726309,0.000000,700000000.000000,0.432316,0.001509,0.508174
124452000,13.0892,0.726309,0.000000,700000000.000000,0.432316,0.001509,0.518686
124453000,13.0892,0.726309,0.000000,700000000.000000,0.432316,0.001509,0.508887
124454000,13.0892,0.726309,0.000000,700000000.000000,0.432316,0.001509,0.517245
124455000,13.0892,0.726309,0.000000,700000000.000000,0.432316,0.001509,0.511221
124456000,13.0892,0.726309,0.000000,700000000.000000,0.432316,0.001509,0.513226
124457000,13.0892,0.726309,0.000000,700000000.000000,0.432316,0.001509,0.512675
124458000,13.0892,0.726309,0.000000,700000000.000000,0.432316,0.001509,0.513737
124459000,13.0892,0.726309,0.000000,700000000.000000,0.432316,0.001509,0.513645
124460000,13.0892,0.726309,0.000000,700000000.000000,0.432316,0.001509,0.514712
124461000,13.0892,0.726309,0.000000,700000000.000000,0.432316,0.001509,0.510679
124462000,13.0892,0.726309,0.000000,700000000.000000,0.432316,0.001509,0.511327
124463000,13.0892,0.726309,0.000000,700000000.000000,0.432316,0.001509,0.514488
124464000,13.0892,0.726309,0.000000,700000000.000000,0.432316,0.001509,0.514118
124465000,13.0892,0.726309,0.000000,700000000.000000,0.432316,0.001509,0.512409
124466000,13.0892,0.726309,0.000000,700000000.000000,0.432316,0.001509,0.511821
124467000,13.0892,0.726309,0.000000,700000000.000000,0.432316,0.001509,0.513400
124468000,13.0892,0.726309,0.000000,700000000.000000,0.432316,0.001509,0.513540
124469000,13.0892,0.726309,0.000000,700000000.000000,0.432316,0.001509,0.517340
124470000,13.0892,0.726309,0.000000,700000000.000000,0.432316,0.001509,0.508360
124471000,13.0892,0.726309,0.000000,700000000.000000,0.432316,0.001509,0.516599
124472000,13.0892,0.726309,0.000000,700000000.000000,0.432316,0.001509,0.509780
124473000,13.0892,0.726309,0.000000,700000000.000000,0.432316,0.001509,0.515611
124474000,13.0892,0.726309,0.000000,700000000.000000,0.432316,0.001509,0.516218
124475000,13.0892,0.726309,0.000000,700000000.000000,0.432316,0.001509,0.508961
124476000,13.0892,0.726309,0.000000,700000000.000000,0.432316,0.001509,0.515153
124477000,13.0892,0.726309,0.000000,700000000.000000,0.432316,0.001509,0.511663
124478000,13.0892,0.726309,0.000000,700000000.000000,0.432316,0.001509,0.513572
124479000,13.0892,0.726309,0.000000,700000000.000000,0.432316,0.001509,0.520735
124480000,13.0892,0.726309,0.000000,700000000.000000,0.432316,0.001509,0.504390
124481000,13.0892,0.726309,0.000000,700000000.000000,0.432316,0.001509,0.520429
124482000,13.0892,0.726309,0.000000,700000000.000000,0.432316,0.001509,0.506905
124483000,13.0892,0.726309,0.000000,700000000.000000,0.432316,0.001509,0.518195
124484000,13.0892,0.726309,0.000000,700000000.000000,0.432316,0.001509,0.512850
124485000,13.0892,0.726309,0.000000,700000000.000000,0.432316,0.001509,0.512062
124486000,13.0892,0.726309,0.000000,700000000.000000,0.432316,0.001509,0.515712
124487000,13.0892,0.726309,0.000000,700000000.000000,0.432316,0.001509,0.511837
124488000,13.0892,0.726309,0.000000,700000000.000000,0.432316,0.001509,0.514340
124489000,13.0892,0.726309,0.000000,700000000.000000,0.432316,0.001509,0.514069
124490000,13.0892,0.726309,0.000000,700000000.000000,0.432316,0.001509,0.511322
124491000,13.0892,0.726309,0.000000,700000000.000000,0.432316,0.001509,0.514994
124492000,13.0892,0.726309,0.000000,700000000.000000,0.432316,0.001509,0.511651
124493000,13.0892,0.726309,0.000000,700000000.000000,0.432316,0.001509,0.514625
124494000,13.0892,0.726309,0.000000,700000000.000000,0.432316,0.001509,0.513919
124495000,13.0892,0.726309,0.000000,700000000.000000,0.432316,0.001509,0.514115
124496000,13.0892,0.726309,0.000000,700000000.000000,0.432316,0.001509,0.511160
124497000,13.0892,0.726309,0.000000,700000000.000000,0.432316,0.001509,0.516205
124498000,13.0892,0.726309,0.000000,700000000.000000,0.432316,0.001509,0.509656
124499000,13.0892,0.726309,0.000000,700000000.000000,0.432316,0.001509,0.518897
124500000,13.0892,0.726309,0.000000,700000000.000000,0.432316,0.001509,0.506675
124501000,13.0892,0.726309,0.000000,700000000.000000,0.432316,0.001509,0.516332
124502000,13.0892,0.726309,0.000000,700000000.000000,0.432316,0.001509,0.511592
124503000,13.0892,0.726309,0.000000,700000000.000000,0.432316,0.001509,0.513440
124504000,13.0892,0.726309,0.000000,700000000.000000,0.432316,0.001509,0.517496
124505000,13.0892,0.726309,0.000000,700000000.000000,0.432316,0.001509,0.507224
124506000,13.0892,0.726309,0.000000,700000000.000000,0.432316,0.001509,0.514831
124507000,13.0892,0.726309,0.000000,700000000.000000,0.432316,0.001509,0.515717
124508000,13.0892,0.726309,0.000000,700000000.000000,0.432316,0.001509,0.509408
124509000,13.0892,0.726309,0.000000,700000000.000000,0.432316,0.001509,0.518333
124510000,13.0892,0.726309,0.000000,700000000.000000,0.432316,0.001509,0.506717
124511000,13.0892,0.726309,0.000000,700000000.000000,0.432316,0.001509,0.520319
124512000,13.0892,0.726309,0.000000,700000000.000000,0.432316,0.001509,0.510374
124513000,13.0892,0.726309,0.000000,700000000.000000,0.432316,0.001509,0.514861
124514000,13.0892,0.726309,0.000000,700000000.000000,0.432316,0.001509,0.510671
124515000,13.0892,0.726309,0.000000,700000000.000000,0.432316,0.001509,0.514518
124516000,13.0892,0.726309,0.000000,700000000.000000,0.432316,0.001509,0.513240
124517000,13.0892,0.726309,0.000000,700000000.000000,0.432316,0.001509,0.517396
124518000,13.0892,0.726309,0.000000,700000000.000000,0.432316,0.001509,0.509704
124519000,13.0892,0.726309,0.000000,700000000.000000,0.432316,0.001509,0.515111
124520000,13.0892,0.726309,0.000000,700000000.000000,0.432316,0.001509,0.510581
124521000,13.0892,0.726309,0.000000,700000000.000000,0.432316,0.001509,0.514269
124522000,13.0892,0.726309,0.000000,700000000.000000,0.432316,0.001509,0.516667
124523000,13.0892,0.726309,0.000000,700000000.000000,0.432316,0.001509,0.508730
124524000,13.0892,0.726309,0.000000,700000000.000000,0.432316,0.001509,0.516475
124525000,13.0892,0.726309,0.000000,700000000.000000,0.432316,0.001509,0.509871
124526000,13.0892,0.726309,0.000000,700000000.000000,0.432316,0.001509,0.515513
124527000,13.0892,0.726309,0.000000,700000000.000000,0.432316,0.001509,0.517516
124528000,13.0892,0.726309,0.000000,700000000.000000,0.432316,0.001509,0.507875
124529000,13.0892,0.726309,0.000000,700000000.000000,0.432316,0.001509,0.517220
124530000,13.0892,0.726309,0.000000,700000000.000000,0.432316,0.001509,0.510586
124531000,13.0892,0.726309,0.000000,700000000.000000,0.432316,0.001509,0.514682
124532000,13.0892,0.726309,0.000000,700000000.000000,0.432316,0.001509,0.514893
124533000,13.0892,0.726309,0.000000,700000000.000000,0.432316,0.001509,0.510451
124534000,13.0892,0.726309,0.000000,700000000.000000,0.432316,0.001509,0.514987
124535000,13.0892,0.726309,0.000000,700000000.000000,0.432316,0.001509,0.511657
124536000,13.0892,0.726309,0.000000,700000000.000000,0.432316,0.001509,0.516662
124537000,13.0892,0.726309,0.000000,700000000.000000,0.432316,0.001509,0.505781
124538000,13.0892,0.726309,0.000000,700000000.000000,0.432316,0.001509,0.519423
124539000,13.0892,0.726309,0.000000,700000000.000000,0.432316,0.001509,0.505852
124540000,13.0892,0.726309,0.000000,700000000.000000,0.432316,0.001509,0.519107
124541000,13.0892,0.726309,0.000000,700000000.000000,0.432316,0.001509,0.510698
124542000,13.0892,0.726309,0.000000,700000000.000000,0.432316,0.001509,0.514693
124543000,13.0892,0.726309,0.000000,700000000.000000,0.432316,0.001509,0.512956
124544000,13.0892,0.726309,0.000000,700000000.000000,0.432316,0.001509,0.512223
124545000,13.0892,0.726309,0.000000,700000000.000000,0.432316,0.001509,0.512164
124546000,13.0892,0.726309,0.000000,700000000.000000,0.432316,0.001509,0.517914
124547000,13.0892,0.726309,0.000000,700000000.000000,0.432316,0.001509,0.510310
124548000,13.0892,0.726309,0.000000,700000000.000000,0.432316,0.001509,0.509381
124549000,13.0892,0.726309,0.000000,700000000.000000,0.432316,0.001509,0.510160
124550000,13.0892,0.726309,0.000000,700000000.000000,0.432316,0.001509,0.514799
124551000,13.0892,0.726309,0.000000,700000000.000000,0.432316,0.001509,0.512534
124552000,13.0892,0.726309,0.000000,700000000.000000,0.432316,0.001509,0.518195
124553000,13.0892,0.726309,0.000000,700000000.000000,0.432316,0.001509,0.512850
124554000,13.0892,0.726309,0.000000,700000000.000000,0.432316,0.001509,0.512672
124555000,13.0892,0.726309,0.000000,700000000.000000,0.432316,0.001509,0.515888
124556000,13.0892,0.726309,0.000000,700000000.000000,0.432316,0.001509,0.514406
124557000,13.0892,0.726309,0.000000,700000000.000000,0.432316,0.001509,0.511078
124558000,13.0892,0.726309,0.000000,700000000.000000,0.432316,0.001509,0.515426
124559000,13.0892,0.726309,0.000000,700000000.000000,0.432316,0.001509,0.509965
124560000,13.0892,0.726309,0.000000,700000000.000000,0.432316,0.001509,0.519407
124561000,13.0892,0.726309,0.000000,700000000.000000,0.432316,0.001509,0.510593
124562000,13.0892,0.726309,0.000000,700000000.000000,0.432316,0.001509,0.516405
124563000,13.0892,0.726309,0.000000,700000000.000000,0.432316,0.001509,0.514554
124564000,13.0892,0.726309,0.000000,700000000.000000,0.432316,0.001509,0.508539
124565000,13.0892,0.726309,0.000000,700000000.000000,0.432316,0.001509,0.516830
124566000,13.0892,0.726309,0.000000,700000000.000000,0.432316,0.001509,0.515780
124567000,13.0892,0.726309,0.000000,700000000.000000,0.432316,0.001509,0.509564
124568000,13.0892,0.726309,0.000000,700000000.000000,0.432316,0.001509,0.519414
124569000,13.0892,0.726309,0.000000,700000000.000000,0.432316,0.001509,0.510572
124570000,13.0892,0.726309,0.000000,700000000.000000,0.432316,0.001509,0.514943
124571000,13.0892,0.726309,0.000000,700000000.000000,0.432316,0.001509,0.511592
124572000,13.0892,0.726309,0.000000,700000000.000000,0.432316,0.001509,0.516702
124573000,13.0892,0.726309,0.000000,700000000.000000,0.432316,0.001509,0.516344
124574000,13.0892,0.726309,0.000000,700000000.000000,0.432316,0.001509,0.510883
124575000,13.0892,0.726309,0.000000,700000000.000000,0.432316,0.001509,0.512323
124576000,13.0892,0.726309,0.000000,700000000.000000,0.432316,0.001509,0.515811
124577000,13.0892,0.726309,0.000000,700000000.000000,0.432316,0.001509,0.514985
124578000,13.0892,0.726309,0.000000,700000000.000000,0.432316,0.001509,0.515878
124579000,13.0892,0.726309,0.000000,700000000.000000,0.432316,0.001509,0.509272
124580000,13.0892,0.726309,0.000000,700000000.000000,0.432316,0.001509,0.520419
124581000,13.0892,0.726309,0.000000,700000000.000000,0.432316,0.001509,0.510367
124582000,13.0892,0.726309,0.000000,700000000.000000,0.432316,0.001509,0.514768
124583000,13.0892,0.726309,0.000000,700000000.000000,0.432316,0.001509,0.513038
124584000,13.0892,0.726309,0.000000,700000000.000000,0.432316,0.001509,0.517921
124585000,13.0892,0.726309,0.000000,700000000.000000,0.432316,0.001509,0.512089
124586000,13.0892,0.726309,0.000000,700000000.000000,0.432316,0.001509,0.512871
124587000,13.0892,0.726309,0.000000,700000000.000000,0.432316,0.001509,0.516633
124588000,13.0892,0.726309,0.000000,700000000.000000,0.432316,0.001509,0.513953
124589000,13.0892,0.726309,0.000000,700000000.000000,0.432316,0.001509,0.512462
124590000,13.0892,0.726309,0.000000,700000000.000000,0.432316,0.001509,0.518065
124591000,13.0892,0.726309,0.000000,700000000.000000,0.432316,0.001509,0.510990
124592000,13.0892,0.726309,0.000000,700000000.000000,0.432316,0.001509,0.516398
124593000,13.0892,0.726309,0.000000,700000000.000000,0.432316,0.001509,0.510890
124594000,13.0892,0.726309,0.000000,700000000.000000,0.432316,0.001509,0.516820
124595000,13.0892,0.726309,0.000000,700000000.000000,0.432316,0.001509,0.514666
124596000,13.0892,0.726309,0.000000,700000000.000000,0.432316,0.001509,0.512112
124597000,13.0892,0.726309,0.000000,700000000.000000,0.432316,0.001509,0.516541
124598000,13.0892,0.726309,0.000000,700000000.000000,0.432316,0.001509,0.511543
124599000,13.0892,0.726309,0.000000,700000000.000000,0.432316,0.001509,0.519618
124600000,13.0892,0.726309,0.000000,700000000.000000,0.432316,0.001509,0.510268
124601000,13.0892,0.726309,0.000000,700000000.000000,0.432316,0.001509,0.513536
124602000,13.0892,0.726309,0.000000,700000000.000000,0.432316,0.001509,0.518636
124603000,13.0892,0.726309,0.000000,700000000.000000,0.432316,0.001509,0.512409
124604000,13.0892,0.726309,0.000000,700000000.000000,0.432316,0.001509,0.511961
124605000,13.0892,0.726309,0.000000,700000000.000000,0.432316,0.001509,0.513259
124606000,13.0892,0.726309,0.000000,700000000.000000,0.432316,0.001509,0.517227
124607000,13.0892,0.726309,0.000000,700000000.000000,0.432316,0.001509,0.516161
124608000,13.0892,0.726309,0.000000,700000000.000000,0.432316,0.001509,0.509724
124609000,13.0892,0.726309,0.000000,700000000.000000,0.432316,0.001509,0.518497
124610000,13.0892,0.726309,0.000000,700000000.000000,0.432316,0.001509,0.510791
124611000,13.0892,0.726309,0.000000,700000000.000000,0.432316,0.001509,0.517108
124612000,13.0892,0.726309,0.000000,700000000.000000,0.432316,0.001509,0.510448
124613000,13.0892,0.726309,0.000000,700000000.000000,0.432316,0.001509,0.509054
124614000,13.0892,0.726309,0.000000,700000000.000000,0.432316,0.001509,0.512738
124615000,13.0892,0.726309,0.000000,700000000.000000,0.432316,0.001509,0.520695
124616000,13.0892,0.726309,0.000000,700000000.000000,0.432316,0.001509,0.510310
124617000,13.0892,0.726309,0.000000,700000000.000000,0.432316,0.001509,0.514965
124618000,13.0892,0.726309,0.000000,700000000.000000,0.432316,0.001509,0.510160
124619000,13.0892,0.726309,0.000000,700000000.000000,0.432316,0.001509,0.520429
124620000,13.0892,0.726309,0.000000,700000000.000000,0.432316,0.001509,0.512250
124621000,13.0892,0.726309,0.000000,700000000.000000,0.432316,0.001509,0.512850
124622000,13.0892,0.726309,0.000000,700000000.000000,0.432316,0.001509,0.516112
124623000,13.0892,0.726309,0.000000,700000000.000000,0.432316,0.001509,0.514570
124624000,13.0892,0.726309,0.000000,700000000.000000,0.432316,0.001509,0.513236
124625000,13.0892,0.726309,0.000000,700000000.000000,0.432316,0.001509,0.514313
124626000,13.0892,0.726309,0.000000,700000000.000000,0.432316,0.001509,0.514340
124627000,13.0892,0.726309,0.000000,700000000.000000,0.432316,0.001509,0.518688
124628000,13.0892,0.726309,0.000000,700000000.000000,0.432316,0.001509,0.509212
124629000,13.0892,0.726309,0.000000,700000000.000000,0.432316,0.001509,0.516899
124630000,13.0892,0.726309,0.000000,700000000.000000,0.432316,0.001509,0.510593
124631000,13.0892,0.726309,0.000000,700000000.000000,0.432316,0.001509,0.520201
124632000,13.0892,0.726309,0.000000,700000000.000000,0.432316,0.001509,0.510758
124633000,13.0892,0.726309,0.000000,700000000.000000,0.432316,0.001509,0.514215
124634000,13.0892,0.726309,0.000000,700000000.000000,0.432316,0.001509,0.516830
124635000,13.0892,0.726309,0.000000,700000000.000000,0.432316,0.001509,0.513790
124636000,13.0892,0.726309,0.000000,700000000.000000,0.432316,0.001509,0.511554
124637000,13.0892,0.726309,0.000000,700000000.000000,0.432316,0.001509,0.516152
124638000,13.0892,0.726309,0.000000,700000000.000000,0.432316,0.001509,0.513834
124639000,13.0892,0.726309,0.000000,700000000.000000,0.432316,0.001509,0.513792
124640000,13.0892,0.726309,0.000000,700000000.000000,0.432316,0.001509,0.510329
124641000,13.0892,0.726309,0.000000,700000000.000000,0.432316,0.001509,0.519117
124642000,13.0892,0.726309,0.000000,700000000.000000,0.432316,0.001509,0.511819
124643000,13.0892,0.726309,0.000000,700000000.000000,0.432316,0.001509,0.514774
124644000,13.0892,0.726309,0.000000,700000000.000000,0.432316,0.001509,0.512958
124645000,13.0892,0.726309,0.000000,700000000.000000,0.432316,0.001509,0.515811
124646000,13.0892,0.726309,0.000000,700000000.000000,0.432316,0.001509,0.511823
124647000,13.0892,0.726309,0.000000,700000000.000000,0.432316,0.001509,0.515446
124648000,13.0892,0.726309,0.000000,700000000.000000,0.432316,0.001509,0.512866
124649000,13.0892,0.726309,0.000000,700000000.000000,0.432316,0.001509,0.517157
124650000,13.0892,0.726309,0.000000,700000000.000000,0.432316,0.001509,0.510639
124651000,13.0892,0.726309,0.000000,700000000.000000,0.432316,0.001509,0.517757
124652000,13.0892,0.726309,0.000000,700000000.000000,0.432316,0.001509,0.510623
124653000,13.0892,0.726309,0.000000,700000000.000000,0.432316,0.001509,0.520336
124654000,13.0892,0.726309,0.000000,700000000.000000,0.432316,0.001509,0.509674
124655000,13.0892,0.726309,0.000000,700000000.000000,0.432316,0.001509,0.515285
124656000,13.0892,0.726309,0.000000,700000000.000000,0.432316,0.001509,0.516633
124657000,13.0892,0.726309,0.000000,700000000.000000,0.432316,0.001509,0.513953
124658000,13.0892,0.726309,0.000000,700000000.000000,0.432316,0.001509,0.510729
124659000,13.0892,0.726309,0.000000,700000000.000000,0.432316,0.001509,0.514121
124660000,13.0892,0.726309,0.000000,700000000.000000,0.432316,0.001509,0.516667
124661000,13.0892,0.726309,0.000000,700000000.000000,0.432316,0.001509,0.516398
124662000,13.0892,0.726309,0.000000,700000000.000000,0.432316,0.001509,0.509417
124663000,13.0892,0.726309,0.000000,700000000.000000,0.432316,0.001509,0.518293
124664000,13.0892,0.726309,0.000000,700000000.000000,0.432316,0.001509,0.512251
124665000,13.0892,0.726309,0.000000,700000000.000000,0.432316,0.001509,0.514254
124666000,13.0892,0.726309,0.000000,700000000.000000,0.432316,0.001509,0.513552
124667000,13.0892,0.726309,0.000000,700000000.000000,0.432316,0.001509,0.514805
124668000,13.0892,0.726309,0.000000,700000000.000000,0.432316,0.001509,0.519618
124669000,13.0892,0.726309,0.000000,700000000.000000,0.432316,0.001509,0.508158
124670000,13.0892,0.726309,0.000000,700000000.000000,0.432316,0.001509,0.515647
124671000,13.0892,0.726309,0.000000,700000000.000000,0.432316,0.001509,0.512959
124672000,13.0892,0.726309,0.000000,700000000.000000,0.432316,0.001509,0.518086
124673000,13.0892,0.726309,0.000000,700000000.000000,0.432316,0.001509,0.511821
124674000,13.0892,0.726309,0.000000,700000000.000000,0.432316,0.001509,0.513400
124675000,13.0892,0.726309,0.000000,700000000.000000,0.432316,0.001509,0.517227
124676000,13.0892,0.726309,0.000000,700000000.000000,0.432316,0.001509,0.513746
124677000,13.0892,0.726309,0.000000,700000000.000000,0.432316,0.001509,0.511529
124678000,13.0892,0.726309,0.000000,700000000.000000,0.432316,0.001509,0.515845
124679000,13.0892,0.726309,0.000000,700000000.000000,0.432316,0.001509,0.514053
124680000,13.0892,0.726309,0.000000,700000000.000000,0.432316,0.001509,0.517108
124681000,13.0892,0.726309,0.000000,700000000.000000,0.432316,0.001509,0.508033
124682000,13.0892,0.726309,0.000000,700000000.000000,0.432316,0.001509,0.520408
124683000,13.0892,0.726309,0.000000,700000000.000000,0.432316,0.001509,0.509476
124684000,13.0892,0.726309,0.000000,700000000.000000,0.432316,0.001509,0.517433
124685000,13.0892,0.726309,0.000000,700000000.000000,0.432316,0.001509,0.513479
124686000,13.0892,0.726309,0.000000,700000000.000000,0.432316,0.001509,0.515058
124687000,13.0892,0.726309,0.000000,700000000.000000,0.432316,0.001509,0.514685
124688000,13.0892,0.726309,0.000000,700000000.000000,0.432316,0.001509,0.512642
124689000,13.0892,0.726309,0.000000,700000000.000000,0.432316,0.001509,0.513429
124690000,13.0892,0.726309,0.000000,700000000.000000,0.432316,0.001509,0.517348
124691000,13.0892,0.726309,0.000000,700000000.000000,0.432316,0.001509,0.513597
124692000,13.0892,0.726309,0.000000,700000000.000000,0.432316,0.001509,0.514577
124693000,13.0892,0.726309,0.000000,700000000.000000,0.432316,0.001509,0.510821
124694000,13.0892,0.726309,0.000000,700000000.000000,0.432316,0.001509,0.520083
124695000,13.0892,0.726309,0.000000,700000000.000000,0.432316,0.001509,0.511078
124696000,13.0892,0.726309,0.000000,700000000.000000,0.432316,0.001509,0.514069
124697000,13.0892,0.726309,0.000000,700000000.000000,0.432316,0.001509,0.516999
124698000,13.0892,0.726309,0.000000,700000000.000000,0.432316,0.001509,0.513730
124699000,13.0892,0.726309,0.000000,700000000.000000,0.432316,0.001509,0.511856
124700000,13.0892,0.726309,0.000000,700000000.000000,0.432316,0.001509,0.513268
124701000,13.0892,0.726309,0.000000,700000000.000000,0.432316,0.001509,0.516427
124702000,13.0892,0.726309,0.000000,700000000.000000,0.432316,0.001509,0.516630
124703000,13.0892,0.726309,0.000000,700000000.000000,0.432316,0.001509,0.510518
124704000,13.0892,0.726309,0.000000,700000000.000000,0.432316,0.001509,0.517594
124705000,13.0892,0.726309,0.000000,700000000.000000,0.432316,0.001509,0.511647
124706000,13.0892,0.726309,0.000000,700000000.000000,0.432316,0.001509,0.516152
124707000,13.0892,0.726309,0.000000,700000000.000000,0.432316,0.001509,0.510479
124708000,13.0892,0.726309,0.000000,700000000.000000,0.432316,0.001509,0.515790
124709000,13.0892,0.726309,0.000000,700000000.000000,0.432316,0.001509,0.517362
124710000,13.0892,0.726309,0.000000,700000000.000000,0.432316,0.001509,0.511027
124711000,13.0892,0.726309,0.000000,700000000.000000,0.432316,0.001509,0.514139
124712000,13.0892,0.726309,0.000000,700000000.000000,0.432316,0.001509,0.512994
124713000,13.0892,0.726309,0.000000,700000000.000000,0.432316,0.001509,0.514831
124714000,13.0892,0.726309,0.000000,700000000.000000,0.432316,0.001509,0.515717
124715000,13.0892,0.726309,0.000000,700000000.000000,0.432316,0.001509,0.509408
124716000,13.0892,0.726309,0.000000,700000000.000000,0.432316,0.001509,0.521548
124717000,13.0892,0.726309,0.000000,700000000.000000,0.432316,0.001509,0.509272
124718000,13.0892,0.726309,0.000000,700000000.000000,0.432316,0.001509,0.514906
124719000,13.0892,0.726309,0.000000,700000000.000000,0.432316,0.001509,0.512524
124720000,13.0892,0.726309,0.000000,700000000.000000,0.432316,0.001509,0.518123
124721000,13.0892,0.726309,0.000000,700000000.000000,0.432316,0.001509,0.513038
124722000,13.0892,0.726309,0.000000,700000000.000000,0.432316,0.001509,0.512815
124723000,13.0892,0.726309,0.000000,700000000.000000,0.432316,0.001509,0.515838
124724000,13.0892,0.726309,0.000000,700000000.000000,0.432316,0.001509,0.514227
124725000,13.0892,0.726309,0.000000,700000000.000000,0.432316,0.001509,0.513371
124726000,13.0892,0.726309,0.000000,700000000.000000,0.432316,0.001509,0.517121
124727000,13.0892,0.726309,0.000000,700000000.000000,0.432316,0.001509,0.510682
124728000,13.0892,0.726309,0.000000,700000000.000000,0.432316,0.001509,0.519938
124729000,13.0892,0.726309,0.000000,700000000.000000,0.432316,0.001509,0.507729
124730000,13.0892,0.726309,0.000000,700000000.000000,0.432316,0.001509,0.517152
124731000,13.0892,0.726309,0.000000,700000000.000000,0.432316,0.001509,0.513730
124732000,13.0892,0.726309,0.000000,700000000.000000,0.432316,0.001509,0.516488
124733000,13.0892,0.726309,0.000000,700000000.000000,0.432316,0.001509,0.512158
124734000,13.0892,0.726309,0.000000,700000000.000000,0.432316,0.001509,0.511839
124735000,13.0892,0.726309,0.000000,700000000.000000,0.432316,0.001509,0.519322
124736000,13.0892,0.726309,0.000000,700000000.000000,0.432316,0.001509,0.511543
124737000,13.0892,0.726309,0.000000,700000000.000000,0.432316,0.001509,0.513848
124738000,13.0892,0.726309,0.000000,700000000.000000,0.432316,0.001509,0.517097
124739000,13.0892,0.726309,0.000000,700000000.000000,0.432316,0.001509,0.512478
124740000,13.0892,0.726309,0.000000,700000000.000000,0.432316,0.001509,0.515374
124741000,13.0892,0.726309,0.000000,700000000.000000,0.432316,0.001509,0.509901
124742000,13.0892,0.726309,0.000000,700000000.000000,0.432316,0.001509,0.517591
124743000,13.0892,0.726309,0.000000,700000000.000000,0.432316,0.001509,0.515814
124744000,13.0892,0.726309,0.000000,700000000.000000,0.432316,0.001509,0.511551
124745000,13.0892,0.726309,0.000000,700000000.000000,0.432316,0.001509,0.516915
124746000,13.0892,0.726309,0.000000,700000000.000000,0.432316,0.001509,0.511622
124747000,13.0892,0.726309,0.000000,700000000.000000,0.432316,0.001509,0.518096
124748000,13.0892,0.726309,0.000000,700000000.000000,0.432316,0.001509,0.508447
124749000,13.0892,0.726309,0.000000,700000000.000000,0.432316,0.001509,0.517955
124750000,13.0892,0.726309,0.000000,700000000.000000,0.432316,0.001509,0.516218
124751000,13.0892,0.726309,0.000000,700000000.000000,0.432316,0.001509,0.514630
124752000,13.0892,0.726309,0.000000,700000000.000000,0.432316,0.001509,0.528535
124753000,13.0892,0.726309,0.000000,700000000.000000,0.432316,0.001509,2.528633
124754000,13.0892,0.726309,0.000000,700000000.000000,0.432316,0.001509,0.313221
124755000,13.0892,0.726309,0.000000,700000000.000000,0.432316,0.001509,0.158911
124756000,13.0892,0.726309,0.000000,700000000.000000,0.432316,0.001509,0.163149
124757000,13.0892,0.726309,0.000000,700000000.000000,0.432316,0.001509,0.242756
124758000,13.0892,0.726309,0.000000,700000000.000000,0.432316,0.001509,0.128237
124759000,13.0892,0.726309,0.000000,700000000.000000,0.432316,0.001509,0.159073
124760000,13.0892,0.726309,0.000000,700000000.000000,0.432316,0.001509,0.217651
124761000,13.0892,0.726309,0.000000,700000000.000000,0.432316,0.001509,0.220684
124762000,13.0892,0.726309,0.000000,700000000.000000,0.432316,0.001509,0.233324
124763000,13.0892,0.726309,0.000000,700000000.000000,0.432316,0.001509,0.412629
124764000,13.0892,0.726309,0.000000,700000000.000000,0.432316,0.001509,0.936039
124765000,13.0892,0.726309,0.000000,700000000.000000,0.432316,0.001509,0.956187
124766000,13.0892,0.726309,0.000000,700000000.000000,0.432316,0.001509,0.716132
124767000,13.0892,0.726309,0.000000,700000000.000000,0.432316,0.001509,0.711517
124768000,13.0892,0.726309,0.000000,700000000.000000,0.432316,0.001509,0.643030
124769000,13.0892,0.726309,0.000000,700000000.000000,0.432316,0.001509,0.632809
124770000,13.0892,0.726309,0.000000,700000000.000000,0.432316,0.001509,0.608605
124771000,13.0892,0.726309,0.000000,700000000.000000,0.432316,0.001509,0.563560
124772000,13.0892,0.726309,0.000000,700000000.000000,0.432316,0.001509,0.538092
124773000,13.0892,0.726309,0.000000,700000000.000000,0.432316,0.001509,0.495452
124774000,13.0892,0.726309,0.000000,700000000.000000,0.432316,0.001509,0.432186
124775000,13.0892,0.726309,0.000000,700000000.000000,0.432316,0.001509,0.440037
124776000,13.0892,0.726309,0.000000,700000000.000000,0.432316,0.001509,0.435617
124777000,13.0892,0.726309,0.000000,700000000.000000,0.432316,0.001509,0.466609
124778000,13.0892,0.726309,0.000000,700000000.000000,0.432316,0.001509,0.446798
124779000,13.0892,0.726309,0.000000,700000000.000000,0.432316,0.001509,0.465236
124780000,13.0892,0.726309,0.000000,700000000.000000,0.432316,0.001509,0.437234
124781000,13.0892,0.726309,0.000000,700000000.000000,0.432316,0.001509,0.440786
124782000,13.0892,0.726309,0.000000,700000000.000000,0.432316,0.001509,0.449033
124783000,13.0892,0.726309,0.000000,700000000.000000,0.432316,0.001509,0.453814
124784000,13.0892,0.726309,0.000000,700000000.000000,0.432316,0.001509,0.444753
124785000,13.0892,0.726309,0.000000,700000000.000000,0.432316,0.001509,0.413847
124786000,13.0892,0.726309,0.000000,700000000.000000,0.432316,0.001509,0.423925
124787000,13.0892,0.726309,0.000000,700000000.000000,0.432316,0.001509,0.449399
124788000,13.0892,0.726309,0.000000,700000000.000000,0.432316,0.001509,0.470921
124789000,13.0892,0.726309,0.000000,700000000.000000,0.432316,0.001509,0.445905
124790000,13.0892,0.726309,0.000000,700000000.000000,0.432316,0.001509,0.481392
124791000,13.0892,0.726309,0.000000,700000000.000000,0.432316,0.001509,0.475102
124792000,13.0892,0.726309,0.000000,700000000.000000,0.432316,0.001509,0.467829
124793000,13.0892,0.726309,0.000000,700000000.000000,0.432316,0.001509,0.427518
124794000,13.0892,0.726309,0.000000,700000000.000000,0.432316,0.001509,0.406168
124795000,13.0892,0.726309,0.000000,700000000.000000,0.432316,0.001509,0.424563
124796000,13.0892,0.726309,0.000000,700000000.000000,0.432316,0.001509,0.416565
124797000,13.0892,0.726309,0.000000,700000000.000000,0.432316,0.001509,0.410167
124798000,13.0892,0.726309,0.000000,700000000.000000,0.432316,0.001509,0.412053
124799000,13.0892,0.726309,0.000000,700000000.000000,0.432316,0.001509,0.402227
124800000,13.0892,0.726309,0.000000,700000000.000000,0.432316,0.001509,0.418708
124801000,13.0892,0.726309,0.000000,700000000.000000,0.432316,0.001509,0.417430
124802000,13.0892,0.726309,0.000000,700000000.000000,0.432316,0.001509,0.419290
124803000,13.0892,0.726309,0.000000,700000000.000000,0.432316,0.001509,0.434127
124804000,13.0892,0.726309,0.000000,700000000.000000,0.432316,0.001509,0.440715
124805000,13.0892,0.726309,0.000000,700000000.000000,0.432316,0.001509,0.436123
124806000,13.0892,0.726309,0.000000,700000000.000000,0.432316,0.001509,0.397774
124807000,13.0892,0.726309,0.000000,700000000.000000,0.432316,0.001509,0.417996
124808000,13.0892,0.726309,0.000000,700000000.000000,0.432316,0.001509,0.419725
124809000,13.0892,0.726309,0.000000,700000000.000000,0.432316,0.001509,0.427506
124810000,13.0892,0.726309,0.000000,700000000.000000,0.432316,0.001509,0.445329
124811000,13.0892,0.726309,0.000000,700000000.000000,0.432316,0.001509,0.449819
124812000,13.0892,0.726309,0.000000,700000000.000000,0.432316,0.001509,0.434932
124813000,13.0892,0.726309,0.000000,700000000.000000,0.432316,0.001509,0.448966
124814000,13.0892,0.726309,0.000000,700000000.000000,0.432316,0.001509,0.437310
124815000,13.0892,0.726309,0.000000,700000000.000000,0.432316,0.001509,0.459794
124816000,13.0892,0.726309,0.000000,700000000.000000,0.432316,0.001509,0.435148
124817000,13.0892,0.726309,0.000000,700000000.000000,0.432316,0.001509,0.453264
124818000,13.0892,0.726309,0.000000,700000000.000000,0.432316,0.001509,0.460583
124819000,13.0892,0.726309,0.000000,700000000.000000,0.432316,0.001509,0.472179
124820000,13.0892,0.726309,0.000000,700000000.000000,0.432316,0.001509,0.468761
124821000,13.0892,0.726309,0.000000,700000000.000000,0.432316,0.001509,0.464428
124822000,13.0892,0.726309,0.000000,700000000.000000,0.432316,0.001509,0.477410
124823000,13.0892,0.726309,0.000000,700000000.000000,0.432316,0.001509,0.485809
124824000,13.0892,0.726309,0.000000,700000000.000000,0.432316,0.001509,0.494954
124825000,13.0892,0.726309,0.000000,700000000.000000,0.432316,0.001509,0.490552
124826000,13.0892,0.726309,0.000000,700000000.000000,0.432316,0.001509,0.491094
124827000,13.0892,0.726309,0.000000,700000000.000000,0.432316,0.001509,0.501370
124828000,13.0892,0.726309,0.000000,700000000.000000,0.432316,0.001509,1.094668
124829000,13.0892,0.726309,0.000000,700000000.000000,0.432316,0.001509,1.900409
124830000,13.0892,0.726309,0.000000,700000000.000000,0.432316,0.001509,0.274967
124831000,13.0892,0.726309,0.000000,700000000.000000,0.432316,0.001509,0.164028
124832000,13.0892,0.726309,0.000000,700000000.000000,0.432316,0.001509,0.166990
124833000,13.0892,0.726309,0.000000,700000000.000000,0.432316,0.001509,0.239902
124834000,13.0892,0.726309,0.000000,700000000.000000,0.432316,0.001509,0.124088
124835000,13.0892,0.726309,0.000000,700000000.000000,0.432316,0.001509,0.175558
124836000,13.0892,0.726309,0.000000,700000000.000000,0.432316,0.001509,0.275183
124837000,13.0892,0.726309,0.000000,700000000.000000,0.432316,0.001509,0.266085
124838000,13.0892,0.726309,0.000000,700000000.000000,0.432316,0.001509,0.323032
124839000,13.0892,0.726309,0.000000,700000000.000000,0.432316,0.001509,0.952108
124840000,13.0892,0.726309,0.000000,700000000.000000,0.432316,0.001509,0.891595
124841000,13.0892,0.726309,0.000000,700000000.000000,0.432316,0.001509,0.494048
124842000,13.0892,0.726309,0.000000,700000000.000000,0.432316,0.001509,0.566717
124843000,13.0892,0.726309,0.000000,700000000.000000,0.432316,0.001509,0.531429
124844000,13.0892,0.726309,0.000000,700000000.000000,0.432316,0.001509,0.480852
124845000,13.0892,0.726309,0.000000,700000000.000000,0.432316,0.001509,0.504149
124846000,13.0892,0.726309,0.000000,700000000.000000,0.432316,0.001509,0.477062
124847000,13.0892,0.726309,0.000000,700000000.000000,0.432316,0.001509,0.485477
124848000,13.0892,0.726309,0.000000,700000000.000000,0.432316,0.001509,0.453778
124849000,13.0892,0.726309,0.000000,700000000.000000,0.432316,0.001509,0.437023
124850000,13.0892,0.726309,0.000000,700000000.000000,0.432316,0.001509,0.485268
124851000,13.0892,0.726309,0.000000,700000000.000000,0.432316,0.001509,0.414233
124852000,13.0892,0.726309,0.000000,700000000.000000,0.432316,0.001509,0.497566
124853000,13.0892,0.726309,0.000000,700000000.000000,0.432316,0.001509,0.480130
124854000,13.0892,0.726309,0.000000,700000000.000000,0.432316,0.001509,0.472446
124855000,13.0892,0.726309,0.000000,700000000.000000,0.432316,0.001509,0.490635
124856000,13.0892,0.726309,0.000000,700000000.000000,0.432316,0.001509,0.458342
124857000,13.0892,0.726309,0.000000,700000000.000000,0.432316,0.001509,0.469881
124858000,13.0892,0.726309,0.000000,700000000.000000,0.432316,0.001509,0.483001
124859000,13.0892,0.726309,0.000000,700000000.000000,0.432316,0.001509,0.427710
124860000,13.0892,0.726309,0.000000,700000000.000000,0.432316,0.001509,0.442415
124861000,13.0892,0.726309,0.000000,700000000.000000,0.432316,0.001509,0.419117
124862000,13.0892,0.726309,0.000000,700000000.000000,0.432316,0.001509,0.414164
124863000,13.0892,0.726309,0.000000,700000000.000000,0.432316,0.001509,0.423496
124864000,13.0892,0.726309,0.000000,700000000.000000,0.432316,0.001509,0.408191
124865000,13.0892,0.726309,0.000000,700000000.000000,0.432316,0.001509,0.421939
124866000,13.0892,0.726309,0.000000,700000000.000000,0.432316,0.001509,0.420774
124867000,13.0892,0.726309,0.000000,700000000.000000,0.432316,0.001509,0.414972
124868000,13.0892,0.726309,0.000000,700000000.000000,0.432316,0.001509,0.430978
124869000,13.0892,0.726309,0.000000,700000000.000000,0.432316,0.001509,0.403434
124870000,13.0892,0.726309,0.000000,700000000.000000,0.432316,0.001509,0.429601
124871000,13.0892,0.726309,0.000000,700000000.000000,0.432316,0.001509,0.407549
124872000,13.0892,0.726309,0.000000,700000000.000000,0.432316,0.001509,0.428027
124873000,13.0892,0.726309,0.000000,700000000.000000,0.432316,0.001509,0.419552
124874000,13.0892,0.726309,0.000000,700000000.000000,0.432316,0.001509,0.418792
124875000,13.0892,0.726309,0.000000,700000000.000000,0.432316,0.001509,0.448498
124876000,13.0892,0.726309,0.000000,700000000.000000,0.432316,0.001509,0.439214
124877000,13.0892,0.726309,0.000000,700000000.000000,0.432316,0.001509,0.443225
124878000,13.0892,0.726309,0.000000,700000000.000000,0.432316,0.001509,0.447387
124879000,13.0892,0.726309,0.000000,700000000.000000,0.432316,0.001509,0.456121
124880000,13.0892,0.726309,0.000000,700000000.000000,0.432316,0.001509,0.473612
124881000,13.0892,0.726309,0.000000,700000000.000000,0.432316,0.001509,0.465016
124882000,13.0892,0.726309,0.000000,700000000.000000,0.432316,0.001509,0.463445
124883000,13.0892,0.726309,0.000000,700000000.000000,0.432316,0.001509,0.469062
124884000,13.0892,0.726309,0.000000,700000000.000000,0.432316,0.001509,0.454822
124885000,13.0892,0.726309,0.000000,700000000.000000,0.432316,0.001509,0.473935
124886000,13.0892,0.726309,0.000000,700000000.000000,0.432316,0.001509,0.464516
124887000,13.0892,0.726309,0.000000,700000000.000000,0.432316,0.001509,0.460378
124888000,13.0892,0.726309,0.000000,700000000.000000,0.432316,0.001509,0.478614
124889000,13.0892,0.726309,0.000000,700000000.000000,0.432316,0.001509,0.455659
124890000,13.0892,0.726309,0.000000,700000000.000000,0.432316,0.001509,0.471003
124891000,13.0892,0.726309,0.000000,700000000.000000,0.432316,0.001509,0.461697
124892000,13.0892,0.726309,0.000000,700000000.000000,0.432316,0.001509,0.492986
124893000,13.0892,0.726309,0.000000,700000000.000000,0.432316,0.001509,0.485817
124894000,13.0892,0.726309,0.000000,700000000.000000,0.432316,0.001509,0.495214
124895000,13.0892,0.726309,0.000000,700000000.000000,0.432316,0.001509,0.492570
124896000,13.0892,0.726309,0.000000,700000000.000000,0.432316,0.001509,0.489401
124897000,13.0892,0.726309,0.000000,700000000.000000,0.432316,0.001509,0.494753
124898000,13.0892,0.726309,0.000000,700000000.000000,0.432316,0.001509,0.485672
124899000,13.0892,0.726309,0.000000,700000000.000000,0.432316,0.001509,0.494167
124900000,13.0892,0.726309,0.000000,700000000.000000,0.432316,0.001509,0.489553
124901000,13.0892,0.726309,0.000000,700000000.000000,0.432316,0.001509,0.486538
124902000,13.0892,0.726309,0.000000,700000000.000000,0.432316,0.001509,0.494474
124903000,13.0892,0.726309,0.000000,700000000.000000,0.432316,0.001509,0.484313
124904000,13.0892,0.726309,0.000000,700000000.000000,0.432316,0.001509,0.488516
124905000,13.0892,0.726309,0.000000,700000000.000000,0.432316,0.001509,0.485669
124906000,13.0892,0.726309,0.000000,700000000.000000,0.432316,0.001509,0.497612
124907000,13.0892,0.726309,0.000000,700000000.000000,0.432316,0.001509,0.492328
124908000,13.0892,0.726309,0.000000,700000000.000000,0.432316,0.001509,0.484410
124909000,13.0892,0.726309,0.000000,700000000.000000,0.432316,0.001509,0.518455
124910000,13.0892,0.726309,0.000000,700000000.000000,0.432316,0.001509,0.568718
124911000,13.0892,0.726309,0.000000,700000000.000000,0.432316,0.001509,2.323545
124912000,13.0892,0.726309,0.000000,700000000.000000,0.432316,0.001509,0.531340
124913000,13.0892,0.726309,0.000000,700000000.000000,0.432316,0.001509,0.167919
124914000,13.0892,0.726309,0.000000,700000000.000000,0.432316,0.001509,0.161163
124915000,13.0892,0.726309,0.000000,700000000.000000,0.432316,0.001509,0.193205
124916000,13.0892,0.726309,0.000000,700000000.000000,0.432316,0.001509,0.177042
124917000,13.0892,0.726309,0.000000,700000000.000000,0.432316,0.001509,0.132190
124918000,13.0892,0.726309,0.000000,700000000.000000,0.432316,0.001509,0.160195
124919000,13.0892,0.726309,0.000000,700000000.000000,0.432316,0.001509,0.211208
124920000,13.0892,0.726309,0.000000,700000000.000000,0.432316,0.001509,0.189331
124921000,13.0892,0.726309,0.000000,700000000.000000,0.432316,0.001509,0.225051
124922000,13.0892,0.726309,0.000000,700000000.000000,0.432316,0.001509,0.783743
124923000,13.0892,0.726309,0.000000,700000000.000000,0.432316,0.001509,1.032274
124924000,13.0892,0.726309,0.000000,700000000.000000,0.432316,0.001509,0.604702
124925000,13.0892,0.726309,0.000000,700000000.000000,0.432316,0.001509,0.670921
124926000,13.0892,0.726309,0.000000,700000000.000000,0.432316,0.001509,0.639811
124927000,13.0892,0.726309,0.000000,700000000.000000,0.432316,0.001509,0.569354
124928000,13.0892,0.726309,0.000000,700000000.000000,0.432316,0.001509,0.566121
124929000,13.0892,0.726309,0.000000,700000000.000000,0.432316,0.001509,0.534420
124930000,13.0892,0.726309,0.000000,700000000.000000,0.432316,0.001509,0.552208
124931000,13.0892,0.726309,0.000000,700000000.000000,0.432316,0.001509,0.525479
124932000,13.0892,0.726309,0.000000,700000000.000000,0.432316,0.001509,0.516854
124933000,13.0892,0.726309,0.000000,700000000.000000,0.432316,0.001509,0.515907
124934000,13.0892,0.726309,0.000000,700000000.000000,0.432316,0.001509,0.483168
124935000,13.0892,0.726309,0.000000,700000000.000000,0.432316,0.001509,0.467963
124936000,13.0892,0.726309,0.000000,700000000.000000,0.432316,0.001509,0.438355
124937000,13.0892,0.726309,0.000000,700000000.000000,0.432316,0.001509,0.472235
124938000,13.0892,0.726309,0.000000,700000000.000000,0.432316,0.001509,0.469470
124939000,13.0892,0.726309,0.000000,700000000.000000,0.432316,0.001509,0.435278
124940000,13.0892,0.726309,0.000000,700000000.000000,0.432316,0.001509,0.461719
124941000,13.0892,0.726309,0.000000,700000000.000000,0.432316,0.001509,0.442119
124942000,13.0892,0.726309,0.000000,700000000.000000,0.432316,0.001509,0.418739
124943000,13.0892,0.726309,0.000000,700000000.000000,0.432316,0.001509,0.421106
124944000,13.0892,0.726309,0.000000,700000000.000000,0.432316,0.001509,0.428520
124945000,13.0892,0.726309,0.000000,700000000.000000,0.432316,0.001509,0.396489
124946000,13.0892,0.726309,0.000000,700000000.000000,0.432316,0.001509,0.418179
124947000,13.0892,0.726309,0.000000,700000000.000000,0.432316,0.001509,0.373898
124948000,13.0892,0.726309,0.000000,700000000.000000,0.432316,0.001509,0.367551
124949000,13.0892,0.726309,0.000000,700000000.000000,0.432316,0.001509,0.362190
124950000,13.0892,0.726309,0.000000,700000000.000000,0.432316,0.001509,0.349054
124951000,13.0892,0.726309,0.000000,700000000.000000,0.432316,0.001509,0.344201
124952000,13.0892,0.726309,0.000000,700000000.000000,0.432316,0.001509,0.349421
124953000,13.0892,0.726309,0.000000,700000000.000000,0.432316,0.001509,0.365955
124954000,13.0892,0.726309,0.000000,700000000.000000,0.432316,0.001509,0.345973
124955000,13.0892,0.726309,0.000000,700000000.000000,0.432316,0.001509,0.368928
124956000,13.0892,0.726309,0.000000,700000000.000000,0.432316,0.001509,0.362032
124957000,13.0892,0.726309,0.000000,700000000.000000,0.432316,0.001509,0.345245
124958000,13.0892,0.726309,0.000000,700000000.000000,0.432316,0.001509,0.370934
124959000,13.0892,0.726309,0.000000,700000000.000000,0.432316,0.001509,0.367069
124960000,13.0892,0.726309,0.000000,700000000.000000,0.432316,0.001509,0.365881
124961000,13.0892,0.726309,0.000000,700000000.000000,0.432316,0.001509,0.391338
124962000,13.0892,0.726309,0.000000,700000000.000000,0.432316,0.001509,0.362958
124963000,13.0892,0.726309,0.000000,700000000.000000,0.432316,0.001509,0.370693
124964000,13.0892,0.726309,0.000000,700000000.000000,0.432316,0.001509,0.400598
124965000,13.0892,0.726309,0.000000,700000000.000000,0.432316,0.001509,0.378488
124966000,13.0892,0.726309,0.000000,700000000.000000,0.432316,0.001509,0.415096
124967000,13.0892,0.726309,0.000000,700000000.000000,0.432316,0.001509,0.431743
124968000,13.0892,0.726309,0.000000,700000000.000000,0.432316,0.001509,0.401933
124969000,13.0892,0.726309,0.000000,700000000.000000,0.432316,0.001509,0.398412
124970000,13.0892,0.726309,0.000000,700000000.000000,0.432316,0.001509,0.424057
124971000,13.0892,0.726309,0.000000,700000000.000000,0.432316,0.001509,0.417151
124972000,13.0892,0.726309,0.000000,700000000.000000,0.432316,0.001509,0.434476
124973000,13.0892,0.726309,0.000000,700000000.000000,0.432316,0.001509,0.412426
124974000,13.0892,0.726309,0.000000,700000000.000000,0.432316,0.001509,0.425876
124975000,13.0892,0.726309,0.000000,700000000.000000,0.432316,0.001509,0.422715
124976000,13.0892,0.726309,0.000000,700000000.000000,0.432316,0.001509,0.422726
124977000,13.0892,0.726309,0.000000,700000000.000000,0.432316,0.001509,0.420461
124978000,13.0892,0.726309,0.000000,700000000.000000,0.432316,0.001509,0.420600
124979000,13.0892,0.726309,0.000000,700000000.000000,0.432316,0.001509,0.433298
124980000,13.0892,0.726309,0.000000,700000000.000000,0.432316,0.001509,0.437151
124981000,13.0892,0.726309,0.000000,700000000.000000,0.432316,0.001509,0.476683
124982000,13.0892,0.726309,0.000000,700000000.000000,0.432316,0.001509,0.463164
124983000,13.0892,0.726309,0.000000,700000000.000000,0.432316,0.001509,0.463839
124984000,13.0892,0.726309,0.000000,700000000.000000,0.432316,0.001509,0.472977
124985000,13.0892,0.726309,0.000000,700000000.000000,0.432316,0.001509,0.465088
124986000,13.0892,0.726309,0.000000,700000000.000000,0.432316,0.001509,0.470798
124987000,13.0892,0.726309,0.000000,700000000.000000,0.432316,0.001509,0.466941
124988000,13.0892,0.726309,0.000000,700000000.000000,0.432316,0.001509,0.459403
124989000,13.0892,0.726309,0.000000,700000000.000000,0.432316,0.001509,0.470287
124990000,13.0892,0.726309,0.000000,700000000.000000,0.432316,0.001509,0.477480
124991000,13.0892,0.726309,0.000000,700000000.000000,0.432316,0.001509,0.457395
124992000,13.0892,0.726309,0.000000,700000000.000000,0.432316,0.001509,0.473466
124993000,13.0892,0.726309,0.000000,700000000.000000,0.432316,0.001509,0.468696
124994000,13.0892,0.726309,0.000000,700000000.000000,0.432316,0.001509,0.461118
124995000,13.0892,0.726309,0.000000,700000000.000000,0.432316,0.001509,0.470273
124996000,13.0892,0.726309,0.000000,700000000.000000,0.432316,0.001509,0.465833
124997000,13.0892,0.726309,0.000000,700000000.000000,0.432316,0.001509,0.471904
124998000,13.0892,0.726309,0.000000,700000000.000000,0.432316,0.001509,0.471086
124999000,13.0892,0.726309,0.000000,700000000.000000,0.432316,0.001509,0.469611
