1000000,16,0,4,0,6,0
1000100,35,0,21,0,12,0
1000200,17,0,11,0,4,0
1000300,41,0,2,0,4,0
1000400,13,0,7,0,4,0
1000500,11,0,40,0,8,0
1000600,5,0,3,0,1,0
1000700,14,0,33,0,4,0
1000800,13,0,28,0,6,0
1000900,4,0,1,0,1,0
1001000,27,0,10,0,8,0
1001100,38,0,1,0,7,0
1001200,15,0,12,0,7,0
1001300,10,0,3,0,1,0
1001400,5,0,15,0,2,0
1001500,22,1,44,1,8,1
1001600,10,0,27,0,3,0
1001700,4,0,9,0,4,0
1001800,47,0,3,0,3,0
1001900,8,0,14,0,1,0
1002000,38,0,28,0,6,0
1002100,1,0,2,0,1,0
1002200,17,0,17,0,3,0
1002300,30,0,25,0,8,0
1002400,7,0,21,0,3,0
1002500,3,0,1,0,2,0
1002600,47,0,18,0,6,0
1002700,21,0,32,0,10,0
1002800,24,0,7,0,3,0
1002900,16,0,2,0,2,0
1003000,25,0,1,0,1,0
1003100,26,0,38,0,12,0
1003200,16,0,1,0,3,0
1003300,4,0,14,0,1,0
1003400,22,0,24,0,6,0
1003500,41,1,11,0,5,1
1003600,15,0,15,0,4,0
1003700,11,0,4,0,2,0
1003800,26,0,6,0,3,0
1003900,23,0,35,0,7,0
1004000,11,0,12,0,3,0
1004100,2,0,8,0,3,0
1004200,11,0,13,0,2,0
1004300,47,0,26,0,11,0
1004400,10,0,4,0,2,0
1004500,14,0,2,0,2,0
1004600,7,0,5,0,3,0
1004700,23,0,24,0,9,0
1004800,3,0,13,0,2,0
1004900,12,1,18,0,4,1
1005000,17,0,2,0,1,0
1005100,19,0,14,0,4,0
1005200,23,0,4,0,2,0
1005300,30,0,13,0,6,0
1005400,14,0,35,0,7,0
1005500,15,0,3,0,2,0
1005600,12,0,2,0,3,0
1005700,35,1,13,0,9,1
1005800,18,0,3,0,3,0
1005900,6,0,9,0,2,0
1006000,10,0,12,0,1,0
1006100,17,0,13,0,3,0
1006200,3,0,10,0,0,0
1006300,34,0,20,0,8,0
1006400,15,0,8,0,2,0
1006500,39,0,17,0,4,0
1006600,1,0,2,0,0,0
1006700,10,0,11,0,5,0
1006800,8,0,22,0,4,0
1006900,15,0,2,0,2,0
1007000,20,1,23,0,9,1
1007100,13,0,3,0,3,0
1007200,13,0,6,0,7,0
1007300,17,0,16,0,1,0
1007400,11,0,9,0,0,0
1007500,5,0,11,0,2,0
1007600,10,0,19,0,6,0
1007700,27,0,8,0,2,0
1007800,9,0,12,0,2,0
1007900,37,0,4,0,1,0
1008000,2,0,2,0,0,0
1008100,12,0,15,0,2,0
1008200,13,0,6,0,3,0
1008300,7,0,40,0,6,0
1008400,13,0,2,0,2,0
1008500,25,0,20,0,3,0
1008600,36,0,20,0,3,0
1008700,14,0,11,0,2,0
1008800,10,0,12,0,1,0
1008900,31,0,2,0,3,0
1009000,21,0,24,0,2,0
1009100,10,0,2,0,1,0
1009200,3,0,5,0,2,0
1009300,18,0,32,0,4,0
1009400,16,0,11,0,5,0
1009500,9,0,7,0,4,0
1009600,22,0,0,0,5,0
1009700,14,0,17,0,5,0
1009800,2,0,11,0,1,0
1009900,10,0,5,0,7,0
1010000,8,0,14,0,0,0
1010100,23,0,12,0,7,0
1010200,1,0,8,0,2,0
1010300,7,0,13,0,2,0
1010400,20,0,1,0,4,0
1010500,10,0,2,0,1,0
1010600,17,0,22,0,4,0
1010700,14,0,3,0,0,0
1010800,3,0,18,0,3,0
1010900,16,4,20,0,3,4
1011000,25,3,9,0,2,3
1011100,22,0,15,0,8,0
1011200,1,0,8,13,24,0
1011300,26,0,16,0,5,0
1011400,23,0,10,0,2,0
1011500,17,0,13,0,4,0
1011600,1,29,33,15,2,29
1011700,0,49,102,135,12,49
1011800,0,47,91,107,6,47
1011900,18,66,25,134,13,66
1012000,9,16,46,267,5,16
1012100,0,13,38,114,21,13
1012200,0,0,26,64,3,0
1012300,0,0,33,0,0,0
1012400,0,0,19,0,0,0
1012500,0,0,106,130,0,0
1012600,2,17,98,126,2,17
1012700,4,26,59,177,5,26
1012800,1,31,68,146,5,31
1012900,4,54,57,176,15,54
1013000,5,49,54,165,12,49
1013100,0,11,49,229,11,11
1013200,2,21,45,173,13,21
1013300,7,15,56,210,5,15
1013400,1,11,71,138,5,11
1013500,0,0,10,6,0,0
1013600,0,0,99,58,2,0
1013700,0,1,98,145,1,1
1013800,1,0,63,265,0,0
1013900,1,4,75,127,3,4
1014000,3,15,46,49,8,15
1014100,12,24,33,0,6,24
1014200,21,16,34,0,10,16
1014300,16,2,31,0,4,2
1014400,24,2,104,142,7,2
1014500,5,1,99,116,1,1
1014600,2,0,50,47,0,0
1014700,13,0,12,0,1,0
1014800,22,0,36,0,3,0
1014900,34,1,54,0,1,1
1015000,21,4,30,0,9,4
1015100,21,3,41,0,4,3
1015200,17,0,21,0,3,0
1015300,20,0,104,65,5,0
1015400,10,0,89,86,7,0
1015500,1,0,98,101,2,0
1015600,7,0,55,11,1,0
1015700,8,0,60,15,4,0
1015800,24,8,64,95,9,8
1015900,19,6,54,0,1,6
1016000,31,14,76,40,12,14
1016100,12,0,90,108,5,0
1016200,0,0,103,164,2,0
1016300,8,2,95,104,2,2
1016400,15,2,86,138,8,2
1016500,11,0,95,159,3,0
1016600,27,8,85,96,10,8
1016700,14,6,62,50,3,6
1016800,42,18,68,17,15,18
1016900,18,5,63,4,8,5
1017000,10,4,99,109,3,4
1017100,24,2,93,164,7,2
1017200,10,0,92,118,3,0
1017300,13,0,103,143,2,0
1017400,24,5,91,101,7,5
1017500,13,1,91,134,5,1
1017600,26,2,86,101,11,2
1017700,28,5,81,47,6,5
1017800,16,7,90,76,10,7
1017900,30,4,49,90,10,4
1018000,16,3,103,111,5,3
1018100,8,0,100,100,0,0
1018200,8,0,97,181,3,0
1018300,10,1,96,148,4,1
1018400,28,8,92,90,8,8
1018500,9,1,83,78,5,1
1018600,29,6,81,11,9,6
1018700,9,3,48,11,5,3
1018800,11,4,97,23,5,4
1018900,23,5,81,98,7,5
1019000,12,1,97,147,3,1
1019100,22,7,93,94,7,7
1019200,20,4,94,143,4,4
1019300,3,0,85,56,5,0
1019400,11,0,68,14,1,0
1019500,18,2,76,59,9,2
1019600,9,3,104,100,3,3
1019700,17,4,88,112,12,4
1019800,13,5,91,131,6,5
1019900,7,3,93,166,4,3
1020000,17,3,84,93,8,3
1020100,13,1,68,67,7,1
1020200,6,1,101,174,4,1
1020300,12,1,93,96,7,1
1020400,12,5,92,109,5,5
1020500,23,4,68,130,8,4
1020600,0,0,11,0,0,0
1020700,25,3,90,102,10,3
1020800,6,0,103,153,3,0
1020900,16,3,91,113,9,3
1021000,8,1,49,17,1,1
1021100,0,0,104,127,2,0
1021200,5,1,53,0,1,1
1021300,11,6,103,177,7,6
1021400,9,2,91,91,8,2
1021500,11,3,56,62,5,3
1021600,14,1,105,133,6,1
1021700,22,5,92,53,4,5
1021800,0,0,81,36,2,0
1021900,2,0,55,5,0,0
1022000,20,2,105,82,4,2
1022100,22,4,87,80,13,4
1022200,10,4,85,76,7,4
1022300,6,3,34,0,2,3
1022400,16,3,59,1,3,3
1022500,10,0,105,121,5,0
1022600,10,0,95,192,7,0
1022700,12,2,64,22,4,2
1022800,1,0,35,0,1,0
1022900,18,2,72,31,4,2
1023000,10,0,79,101,6,0
1023100,4,0,74,44,4,0
1023200,11,3,86,149,12,3
1023300,9,3,95,115,4,3
1023400,5,1,81,70,5,1
1023500,18,0,74,36,7,0
1023600,1,0,75,65,0,0
1023700,2,0,68,7,1,0
1023800,29,5,78,3,11,5
1023900,9,0,69,55,2,0
1024000,7,0,81,60,6,0
1024100,7,1,54,53,9,1
1024200,3,1,74,78,3,1
1024300,9,0,81,67,5,0
1024400,8,2,96,121,10,2
1024500,3,1,98,90,2,1
1024600,5,2,98,67,2,2
1024700,14,4,63,10,9,4
1024800,0,1,76,53,1,1
1024900,7,7,71,27,7,7
1025000,6,3,85,104,7,3
1025100,7,2,96,146,3,2
1025200,7,1,89,54,2,1
1025300,6,0,50,20,10,0
1025400,0,0,58,19,2,0
1025500,5,0,78,6,4,0
1025600,16,7,72,23,15,7
1025700,2,4,84,48,3,4
1025800,8,1,71,8,4,1
1025900,5,0,73,32,2,0
1026000,6,1,94,131,4,1
1026100,3,1,75,62,2,1
1026200,3,1,102,111,2,1
1026300,2,1,42,1,2,1
1026400,3,3,92,193,8,3
1026500,7,5,66,57,15,5
1026600,7,4,67,17,8,4
1026700,7,5,55,4,1,5
1026800,3,0,62,9,0,0
1026900,10,1,106,162,7,1
1027000,4,2,95,78,2,2
1027100,6,3,91,95,9,3
1027200,1,1,9,0,0,1
1027300,14,7,83,22,11,7
1027400,11,2,88,116,10,2
1027500,11,2,90,103,3,2
1027600,3,3,68,52,3,3
1027700,5,2,50,16,1,2
1027800,4,2,79,41,3,2
1027900,2,2,71,23,3,2
1028000,3,2,39,0,6,2
1028100,9,1,27,0,4,1
1028200,7,0,88,30,5,0
1028300,11,3,64,15,3,3
1028400,3,2,57,70,2,2
1028500,1,0,32,0,0,0
1028600,7,0,107,148,2,0
1028700,11,0,97,127,3,0
1028800,3,0,92,125,7,0
1028900,3,0,24,0,2,0
1029000,3,1,83,106,6,1
1029100,2,4,66,0,5,4
1029200,5,5,96,166,10,5
1029300,6,7,93,98,6,7
1029400,4,2,93,74,2,2
1029500,0,0,78,62,1,0
1029600,4,1,41,0,4,1
1029700,2,2,26,0,2,2
1029800,5,5,100,49,4,5
1029900,8,4,80,42,4,4
1030000,5,1,65,0,7,1
1030100,4,0,50,5,5,0
1030200,4,2,78,65,2,2
1030300,4,2,91,38,2,2
1030400,7,3,30,0,2,3
1030500,3,2,70,67,5,2
1030600,5,1,78,48,8,1
1030700,6,0,66,104,4,0
1030800,4,0,96,135,4,0
1030900,4,1,94,67,5,1
1031000,4,4,82,92,4,4
1031100,3,0,68,16,8,0
1031200,1,1,71,43,6,1
1031300,3,3,87,135,8,3
1031400,8,2,96,90,4,2
1031500,8,2,80,76,4,2
1031600,1,2,43,0,4,2
1031700,7,0,86,85,3,0
1031800,6,1,42,16,3,1
1031900,3,1,95,111,2,1
1032000,0,1,92,66,3,1
1032100,4,0,32,0,2,0
1032200,3,0,50,0,1,0
1032300,2,0,109,95,1,0
1032400,2,3,36,0,1,3
1032500,4,3,54,8,6,3
1032600,1,0,56,0,5,0
1032700,3,0,104,114,3,0
1032800,5,0,98,152,2,0
1032900,1,0,76,45,1,0
1033000,1,0,77,0,2,0
1033100,5,1,34,0,3,1
1033200,3,6,80,42,8,6
1033300,0,2,77,95,7,2
1033400,3,10,63,74,7,10
1033500,7,1,95,71,5,1
1033600,0,0,9,0,1,0
1033700,4,0,71,74,1,0
1033800,1,0,96,100,4,0
1033900,2,1,63,48,1,1
1034000,0,0,3,0,0,0
1034100,2,2,53,34,4,2
1034200,13,1,82,39,4,1
1034300,2,4,72,38,4,4
1034400,2,0,8,0,1,0
1034500,1,0,105,127,2,0
1034600,3,0,95,134,5,0
1034700,3,0,97,188,3,0
1034800,4,2,48,13,4,2
1034900,4,0,44,0,4,0
1035000,7,5,75,18,6,5
1035100,3,1,95,187,5,1
1035200,2,1,68,26,8,1
1035300,2,0,52,0,1,0
1035400,6,0,29,0,2,0
1035500,5,1,93,94,2,1
1035600,4,0,55,0,6,0
1035700,11,0,49,0,4,0
1035800,4,0,20,0,1,0
1035900,14,1,96,88,6,1
1036000,7,0,59,3,1,0
1036100,7,0,40,0,0,0
1036200,4,0,81,19,4,0
1036300,8,1,77,33,3,1
1036400,5,0,56,4,4,0
1036500,3,2,29,0,3,2
1036600,7,0,93,65,5,0
1036700,2,1,84,62,2,1
1036800,3,2,46,12,4,2
1036900,1,0,30,0,0,0
1037000,8,1,76,18,4,1
1037100,7,1,87,69,2,1
1037200,4,2,36,50,1,2
1037300,1,1,81,1,2,1
1037400,5,1,48,7,3,1
1037500,2,1,65,1,3,1
1037600,10,0,102,127,3,0
1037700,3,2,76,40,5,2
1037800,2,0,63,3,3,0
1037900,7,1,91,35,2,1
1038000,1,1,49,32,2,1
1038100,3,1,75,23,1,1
1038200,9,0,69,20,6,0
1038300,3,0,71,11,3,0
1038400,2,1,47,4,1,1
1038500,14,0,102,47,4,0
1038600,2,0,33,41,1,0
1038700,5,0,58,15,5,0
1038800,6,0,54,1,3,0
1038900,2,0,58,0,3,0
1039000,12,1,72,16,5,1
1039100,12,1,79,4,1,1
1039200,1,1,44,0,3,1
1039300,2,0,31,0,0,0
1039400,8,0,78,49,3,0
1039500,9,3,82,43,8,3
1039600,1,2,57,51,2,2
1039700,1,1,35,0,1,1
1039800,0,0,56,14,1,0
1039900,4,0,83,79,3,0
1040000,3,1,99,121,1,1
1040100,2,1,29,9,3,1
1040200,3,1,36,0,0,1
1040300,5,1,62,0,5,1
1040400,2,2,100,163,2,2
1040500,3,1,45,37,6,1
1040600,4,0,15,0,2,0
1040700,1,0,29,0,1,0
1040800,10,0,93,88,1,0
1040900,7,1,97,106,2,1
1041000,1,0,20,0,0,0
1041100,5,1,47,0,6,1
1041200,20,1,49,17,4,1
1041300,8,2,65,54,10,2
1041400,9,1,56,0,5,1
1041500,3,0,41,7,2,0
1041600,7,0,50,0,3,0
1041700,0,1,43,0,1,1
1041800,11,0,69,30,11,0
1041900,9,1,61,12,7,1
1042000,1,0,35,0,1,0
1042100,1,1,61,27,1,1
1042200,6,1,28,0,4,1
1042300,12,3,64,39,3,3
1042400,3,0,53,3,2,0
1042500,7,0,59,3,3,0
1042600,13,1,55,5,4,1
1042700,6,0,36,0,2,0
1042800,4,1,87,62,5,1
1042900,2,1,35,13,2,1
1043000,3,1,34,0,4,1
1043100,16,0,95,34,3,0
1043200,1,1,60,0,2,1
1043300,1,0,29,0,1,0
1043400,8,0,56,2,7,0
1043500,8,0,28,0,2,0
1043600,4,1,67,4,3,1
1043700,29,0,53,0,2,0
1043800,6,1,28,0,2,1
1043900,12,0,55,0,1,0
1044000,12,2,44,0,0,2
1044100,4,0,62,22,2,0
1044200,8,0,69,54,3,0
1044300,4,2,48,0,4,2
1044400,0,1,61,3,5,1
1044500,2,1,70,11,0,1
1044600,6,2,33,0,1,2
1044700,4,0,95,22,5,0
1044800,7,0,48,9,4,0
1044900,3,0,79,0,3,0
1045000,4,0,37,0,1,0
1045100,12,0,60,5,4,0
1045200,6,0,65,5,4,0
1045300,1,0,31,0,6,0
1045400,9,0,48,2,2,0
1045500,4,0,78,26,2,0
1045600,7,0,85,7,4,0
1045700,4,0,19,0,0,0
1045800,4,0,38,0,4,0
1045900,5,0,38,0,1,0
1046000,6,0,37,0,1,0
1046100,9,1,41,0,5,1
1046200,11,3,88,2,3,3
1046300,1,1,23,8,3,1
1046400,16,0,38,0,1,0
1046500,27,0,21,0,5,0
1046600,20,0,60,3,5,0
1046700,5,0,35,0,5,0
1046800,4,0,21,0,1,0
1046900,15,0,3,0,0,0
1047000,31,0,65,0,3,0
1047100,27,0,76,0,9,0
1047200,1,0,17,0,3,0
1047300,8,0,38,0,0,0
1047400,37,0,58,0,8,0
1047500,8,0,24,0,1,0
1047600,3,0,33,0,1,0
1047700,2,1,34,0,3,1
1047800,17,0,68,0,2,0
1047900,4,0,65,7,3,0
1048000,3,0,15,0,0,0
1048100,27,0,48,0,4,0
1048200,17,0,52,0,5,0
1048300,8,1,63,1,3,1
1048400,4,1,13,0,2,1
1048500,2,0,67,3,2,0
1048600,5,0,50,0,2,0
1048700,17,0,77,9,5,0
1048800,5,0,40,0,1,0
1048900,2,0,24,0,0,0
1049000,8,0,30,0,2,0
1049100,12,1,78,0,3,1
1049200,3,0,32,0,0,0
1049300,10,0,55,0,4,0
1049400,20,0,15,0,2,0
1049500,13,1,44,0,8,1
1049600,2,1,29,0,3,1
1049700,4,0,25,0,1,0
1049800,13,0,20,0,3,0
1049900,37,0,30,0,6,0
1050000,14,0,24,0,4,0
1050100,14,1,24,0,5,1
1050200,0,0,8,0,3,0
1050300,25,0,9,0,2,0
1050400,42,0,24,0,6,0
1050500,20,0,38,0,8,0
1050600,1,0,29,0,2,0
1050700,10,0,19,0,4,0
1050800,29,1,46,0,10,1
1050900,24,0,23,0,5,0
1051000,18,0,37,0,4,0
1051100,14,0,16,0,2,0
1051200,30,0,23,0,2,0
1051300,13,0,21,0,4,0
1051400,11,0,62,25,8,0
1051500,7,1,33,0,5,1
1051600,4,2,29,0,1,2
1051700,14,0,16,0,2,0
1051800,53,0,18,0,4,0
1051900,14,0,38,0,3,0
1052000,9,0,14,0,1,0
1052100,15,0,9,0,2,0
1052200,20,1,42,0,8,1
1052300,18,1,24,0,4,1
1052400,5,0,19,0,6,0
1052500,26,0,14,0,3,0
1052600,43,0,19,0,5,0
1052700,47,0,22,0,6,0
1052800,13,0,20,0,1,0
1052900,11,0,33,0,3,0
1053000,22,0,37,0,8,0
1053100,14,0,42,0,3,0
1053200,0,0,4,0,0,0
1053300,34,0,32,0,5,0
1053400,25,0,22,0,7,0
1053500,17,0,23,0,1,0
1053600,11,0,7,0,2,0
1053700,22,0,24,0,10,0
1053800,16,0,30,0,3,0
1053900,16,0,13,0,2,0
1054000,28,0,10,0,4,0
1054100,10,0,32,0,9,0
1054200,18,0,27,0,5,0
1054300,5,0,29,0,1,0
1054400,31,0,18,0,4,0
1054500,20,0,3,0,5,0
1054600,28,0,27,0,4,0
1054700,10,0,18,0,2,0
1054800,9,0,23,0,3,0
1054900,7,0,9,0,1,0
1055000,26,1,56,0,7,1
1055100,19,0,14,0,4,0
1055200,25,0,18,0,3,0
1055300,15,0,13,0,3,0
1055400,30,0,37,0,7,0
1055500,8,0,7,0,1,0
1055600,12,0,25,0,5,0
1055700,6,0,24,0,4,0
1055800,22,0,48,0,2,0
1055900,6,1,12,0,3,1
1056000,21,0,22,0,3,0
1056100,17,0,3,0,1,0
1056200,26,0,14,0,4,0
1056300,18,1,23,0,5,1
1056400,12,0,7,0,0,0
1056500,3,0,29,0,7,0
1056600,20,0,17,0,7,0
1056700,17,0,14,0,4,0
1056800,48,0,49,0,8,0
1056900,2,0,21,0,1,0
1057000,22,0,17,0,10,0
1057100,26,0,11,0,2,0
1057200,18,0,32,0,2,0
1057300,2,0,8,0,1,0
1057400,20,0,12,0,2,0
1057500,13,0,28,0,4,0
1057600,31,0,21,0,5,0
1057700,15,0,0,0,2,0
1057800,9,0,12,0,3,0
1057900,34,0,36,0,9,0
1058000,15,0,37,0,2,0
1058100,9,0,18,0,3,0
1058200,36,0,9,0,6,0
1058300,27,0,22,0,4,0
1058400,20,0,9,0,4,0
1058500,27,0,14,0,6,0
1058600,25,0,22,0,6,0
1058700,12,0,29,0,3,0
1058800,10,0,12,0,4,0
1058900,19,0,28,0,5,0
1059000,37,0,6,0,5,0
1059100,20,0,16,0,2,0
1059200,2,0,11,0,4,0
1059300,23,0,20,0,1,0
1059400,26,0,14,0,4,0
1059500,12,1,35,0,3,1
1059600,30,0,4,0,6,0
1059700,5,0,7,0,1,0
1059800,40,0,20,0,2,0
1059900,27,0,30,0,5,0
1060000,26,0,12,0,7,0
1060100,7,0,13,0,3,0
1060200,26,0,6,0,4,0
1060300,27,0,19,0,7,0
1060400,11,1,19,0,3,1
1060500,12,0,5,0,2,0
1060600,10,0,36,0,6,0
1060700,38,0,24,0,9,0
1060800,12,0,10,0,3,0
1060900,6,0,4,0,4,0
1061000,40,0,13,0,6,0
1061100,32,0,25,0,6,0
1061200,18,0,9,0,2,0
1061300,8,0,0,0,0,0
1061400,29,0,34,0,9,0
1061500,17,0,27,0,6,0
1061600,9,0,19,0,2,0
1061700,10,0,7,0,2,0
1061800,35,0,16,0,5,0
1061900,34,0,20,0,7,0
1062000,23,0,16,0,4,0
1062100,22,0,21,0,5,0
1062200,13,0,11,0,7,0
1062300,26,0,10,0,5,0
1062400,2,1,23,0,8,1
1062500,27,0,14,0,6,0
1062600,28,0,7,0,4,0
1062700,31,0,18,0,4,0
1062800,14,0,18,0,0,0
1062900,9,0,18,0,10,0
1063000,17,0,30,0,6,0
1063100,37,0,2,0,2,0
1063200,20,1,28,0,4,1
1063300,22,0,14,0,6,0
1063400,18,0,6,0,0,0
1063500,33,7,23,0,5,7
1063600,8,0,24,0,2,0
1063700,5,0,24,0,5,0
1063800,23,0,15,0,23,0
1063900,46,0,25,0,10,0
1064000,23,0,8,0,3,0
1064100,10,0,9,0,0,0
1064200,2,63,96,138,16,63
1064300,0,63,76,125,24,63
1064400,6,34,50,229,4,34
1064500,0,27,21,263,7,27
1064600,9,21,42,156,9,21
1064700,7,12,45,158,5,12
1064800,1,0,35,6,0,0
1064900,1,0,8,0,0,0
1065000,0,0,26,0,0,0
1065100,1,0,80,116,1,0
1065200,7,0,98,105,2,0
1065300,0,1,73,170,3,1
1065400,0,0,18,36,1,0
1065500,2,5,22,0,3,5
1065600,7,3,44,0,4,3
1065700,9,3,75,10,7,3
1065800,21,9,42,0,7,9
1065900,23,2,38,0,6,2
1066000,1,0,40,0,2,0
1066100,8,0,24,0,2,0
1066200,12,0,101,114,7,0
1066300,10,0,22,11,2,0
1066400,10,0,35,0,5,0
1066500,15,0,26,0,2,0
1066600,35,1,28,0,7,1
1066700,31,3,24,0,8,3
1066800,9,0,2,0,3,0
1066900,24,0,34,0,5,0
1067000,31,0,19,0,12,0
1067100,11,0,13,0,5,0
1067200,13,0,22,0,7,0
1067300,33,0,65,25,5,0
1067400,13,1,23,0,4,1
1067500,14,0,39,0,1,0
1067600,26,0,17,0,8,0
1067700,21,0,69,0,2,0
1067800,13,0,99,163,6,0
1067900,23,0,56,5,5,0
1068000,3,0,16,0,1,0
1068100,16,2,85,63,4,2
1068200,24,2,54,3,3,2
1068300,14,4,63,0,10,4
1068400,23,4,53,5,6,4
1068500,7,1,54,2,2,1
1068600,21,0,79,30,9,0
1068700,20,1,86,79,4,1
1068800,1,0,22,0,0,0
1068900,13,2,58,10,6,2
1069000,18,2,85,38,2,2
1069100,24,4,51,0,7,4
1069200,10,4,25,0,5,4
1069300,3,0,71,4,2,0
1069400,21,0,106,109,7,0
1069500,9,2,91,90,6,2
1069600,1,0,25,9,0,0
1069700,0,0,42,9,2,0
1069800,20,3,92,26,5,3
1069900,4,0,67,0,1,0
1070000,18,11,51,6,13,11
1070100,6,0,37,4,1,0
1070200,17,4,47,0,7,4
1070300,6,2,96,148,5,2
1070400,6,1,99,93,1,1
1070500,15,1,35,1,10,1
1070600,0,0,37,48,0,0
1070700,13,2,47,13,7,2
1070800,2,0,38,5,0,0
1070900,29,5,79,36,9,5
1071000,13,3,36,3,7,3
1071100,9,1,66,1,4,1
1071200,5,0,19,0,1,0
1071300,12,0,63,1,4,0
1071400,20,0,71,17,5,0
1071500,6,0,65,1,6,0
1071600,10,3,29,7,1,3
1071700,10,0,65,0,0,0
1071800,15,0,87,106,9,0
1071900,9,4,69,70,9,4
1072000,8,4,56,19,3,4
1072100,2,0,30,0,0,0
1072200,12,0,69,16,12,0
1072300,10,1,63,1,4,1
1072400,6,0,67,49,6,0
1072500,8,0,77,23,6,0
1072600,16,0,45,0,3,0
1072700,3,0,82,48,2,0
1072800,6,1,65,41,5,1
1072900,10,0,53,14,2,0
1073000,11,3,50,2,2,3
1073100,9,0,58,14,1,0
1073200,8,1,74,6,0,1
1073300,9,0,57,47,3,0
1073400,13,0,73,1,6,0
1073500,8,0,55,20,6,0
1073600,2,0,38,2,0,0
1073700,20,0,92,18,7,0
1073800,6,1,54,0,5,1
1073900,3,0,44,11,1,0
1074000,17,1,80,21,7,1
1074100,5,0,66,50,2,0
1074200,5,0,24,16,0,0
1074300,9,0,67,22,1,0
1074400,1,0,37,33,1,0
1074500,17,3,60,40,4,3
1074600,15,1,29,0,2,1
1074700,20,1,28,0,5,1
1074800,18,0,51,21,2,0
1074900,9,0,42,0,1,0
1075000,13,1,30,0,6,1
1075100,14,0,18,0,4,0
1075200,32,0,63,25,12,0
1075300,15,0,17,0,6,0
1075400,11,0,26,0,4,0
1075500,36,1,41,0,4,1
1075600,19,0,50,0,6,0
1075700,8,0,56,2,2,0
1075800,19,0,42,0,7,0
1075900,9,0,85,0,2,0
1076000,3,0,30,0,3,0
1076100,8,2,54,0,4,2
1076200,17,0,46,0,3,0
1076300,6,1,94,119,10,1
1076400,3,0,53,8,5,0
1076500,5,0,50,2,0,0
1076600,10,0,21,0,4,0
1076700,13,0,73,97,5,0
1076800,6,0,60,8,3,0
1076900,11,1,34,0,5,1
1077000,6,2,36,0,4,2
1077100,3,0,37,3,0,0
1077200,7,2,90,91,8,2
1077300,7,0,55,0,5,0
1077400,3,0,54,5,1,0
1077500,3,0,12,0,3,0
1077600,10,0,54,0,7,0
1077700,7,0,10,0,2,0
1077800,11,3,74,36,6,3
1077900,8,0,71,0,4,0
1078000,10,5,41,0,5,5
1078100,8,0,45,0,1,0
1078200,12,1,40,0,4,1
1078300,10,0,49,1,1,0
1078400,6,0,91,78,7,0
1078500,6,0,15,0,1,0
1078600,3,0,7,0,0,0
1078700,6,3,69,6,6,3
1078800,10,3,55,25,8,3
1078900,21,1,29,0,5,1
1079000,9,2,50,0,5,2
1079100,12,0,65,25,1,0
1079200,8,0,37,0,2,0
1079300,3,0,45,0,1,0
1079400,8,0,25,0,1,0
1079500,22,1,47,0,6,1
1079600,21,3,66,4,11,3
1079700,6,0,48,3,10,0
1079800,20,0,41,0,2,0
1079900,24,2,45,0,1,2
1080000,10,0,49,0,3,0
1080100,9,0,11,0,3,0
1080200,12,0,82,2,10,0
1080300,5,2,31,0,1,2
1080400,11,0,41,0,2,0
1080500,17,0,29,0,6,0
1080600,10,0,46,0,4,0
1080700,17,1,34,0,4,1
1080800,16,0,33,0,3,0
1080900,17,0,24,0,2,0
1081000,6,0,11,0,4,0
1081100,29,0,45,0,6,0
1081200,17,1,37,4,18,1
1081300,23,0,30,0,3,0
1081400,13,0,65,0,5,0
1081500,1,0,7,0,2,0
1081600,24,0,49,24,4,0
1081700,16,0,18,0,2,0
1081800,20,0,31,0,4,0
1081900,10,0,33,1,3,0
1082000,13,1,34,13,8,1
1082100,34,0,32,0,10,0
1082200,15,0,9,0,4,0
1082300,4,0,20,0,7,0
1082400,41,0,31,0,3,0
1082500,28,0,29,0,4,0
1082600,14,0,35,4,7,0
1082700,1,0,1,0,0,0
1082800,23,0,61,0,7,0
1082900,16,1,42,0,15,1
1083000,12,1,20,0,1,1
1083100,46,0,47,0,6,0
1083200,24,0,44,0,4,0
1083300,6,0,23,0,1,0
1083400,9,0,13,0,0,0
1083500,15,0,27,0,5,0
1083600,15,0,88,87,5,0
1083700,6,2,48,0,7,2
1083800,5,0,11,0,3,0
1083900,12,0,5,0,2,0
1084000,24,1,104,79,8,1
1084100,15,0,31,3,6,0
1084200,2,0,3,0,2,0
1084300,8,0,10,0,1,0
1084400,18,0,76,3,8,0
1084500,15,0,63,82,5,0
1084600,5,0,3,0,2,0
1084700,24,0,22,0,2,0
1084800,31,0,55,0,14,0
1084900,11,0,16,0,2,0
1085000,15,1,30,0,3,1
1085100,25,0,20,0,6,0
1085200,20,0,51,0,9,0
1085300,13,0,51,17,5,0
1085400,2,0,20,0,2,0
1085500,18,2,28,0,5,2
1085600,19,2,40,0,8,2
1085700,6,0,9,0,3,0
1085800,13,0,23,0,5,0
1085900,38,0,27,0,6,0
1086000,9,0,8,0,3,0
1086100,10,1,34,0,6,1
1086200,19,0,14,0,12,0
1086300,11,0,46,0,2,0
1086400,18,0,39,0,5,0
1086500,17,0,17,0,6,0
1086600,16,1,21,0,6,1
1086700,5,0,10,0,3,0
1086800,21,0,11,0,4,0
1086900,10,0,70,53,7,0
1087000,16,0,9,0,2,0
1087100,13,0,28,0,4,0
1087200,13,0,1,0,0,0
1087300,47,1,54,0,7,1
1087400,19,0,30,0,4,0
1087500,9,1,13,0,5,1
1087600,17,1,39,0,2,1
1087700,19,0,18,0,3,0
1087800,11,0,47,0,10,0
1087900,9,0,8,0,1,0
1088000,25,0,16,0,5,0
1088100,31,0,28,0,6,0
1088200,30,0,10,0,0,0
1088300,18,0,8,0,8,0
1088400,21,0,16,0,4,0
1088500,10,0,32,0,5,0
1088600,18,1,59,7,10,1
1088700,11,0,18,0,2,0
1088800,7,0,22,0,9,0
1088900,50,0,2,0,5,0
1089000,15,0,52,16,16,0
1089100,4,0,12,0,3,0
1089200,15,0,16,0,1,0
1089300,10,0,15,0,6,0
1089400,38,0,31,0,5,0
1089500,25,0,9,0,7,0
1089600,10,0,8,0,2,0
1089700,30,0,28,0,7,0
1089800,27,1,21,0,9,1
1089900,12,1,32,2,10,1
1090000,19,0,8,0,7,0
1090100,20,0,12,0,3,0
1090200,42,0,25,0,8,0
1090300,9,0,28,0,5,0
1090400,27,0,24,0,9,0
1090500,6,0,15,0,1,0
1090600,16,1,22,0,6,1
1090700,11,0,9,0,3,0
1090800,33,0,25,0,4,0
1090900,37,0,24,0,9,0
1091000,20,0,13,0,2,0
1091100,7,0,6,0,0,0
1091200,48,0,24,0,7,0
1091300,42,0,33,0,3,0
1091400,10,0,11,0,6,0
1091500,27,0,29,0,1,0
1091600,28,0,37,0,7,0
1091700,32,1,33,0,9,1
1091800,19,0,5,0,2,0
1091900,26,0,23,0,7,0
1092000,23,0,16,0,7,0
1092100,28,1,22,0,5,1
1092200,8,0,10,0,1,0
1092300,30,0,39,0,10,0
1092400,8,0,14,0,4,0
1092500,35,0,31,0,5,0
1092600,13,0,9,0,2,0
1092700,42,0,25,0,10,0
1092800,6,0,7,0,4,0
1092900,11,0,12,0,5,0
1093000,27,0,28,0,7,0
1093100,10,0,14,0,2,0
1093200,10,0,31,0,4,0
1093300,35,0,13,0,4,0
1093400,23,0,25,0,6,0
1093500,34,0,6,0,5,0
1093600,17,0,5,0,4,0
1093700,12,0,6,0,0,0
1093800,15,0,37,0,1,0
1093900,11,1,47,0,5,1
1094000,22,0,10,0,2,0
1094100,28,1,37,0,2,1
1094200,27,0,6,0,4,0
1094300,45,0,19,0,4,0
1094400,40,0,14,0,4,0
1094500,21,0,13,0,3,0
1094600,22,0,2,0,4,0
1094700,19,0,48,26,9,0
1094800,20,1,32,7,4,1
1094900,6,0,2,0,1,0
1095000,35,1,5,0,7,1
1095100,25,0,26,0,11,0
1095200,7,0,16,0,2,0
1095300,7,0,17,0,4,0
1095400,13,0,25,0,8,0
1095500,33,1,21,0,2,1
1095600,15,0,13,0,1,0
1095700,54,0,10,0,7,0
1095800,27,0,17,0,6,0
1095900,9,0,15,0,7,0
1096000,20,0,28,0,0,0
1096100,10,0,22,0,5,0
1096200,33,1,27,0,7,1
1096300,3,0,29,0,4,0
1096400,17,0,5,0,5,0
1096500,29,0,6,0,5,0
1096600,29,1,18,0,8,1
1096700,34,0,22,0,4,0
1096800,6,0,26,0,3,0
1096900,13,0,12,0,6,0
1097000,23,0,23,0,2,0
1097100,36,0,26,0,6,0
1097200,22,1,15,0,8,1
1097300,22,0,0,0,4,0
1097400,24,0,17,0,4,0
1097500,19,0,27,0,7,0
1097600,10,0,4,0,2,0
1097700,6,0,6,0,1,0
1097800,20,0,31,0,4,0
1097900,22,1,11,0,6,1
1098000,8,0,20,0,2,0
1098100,9,0,4,0,2,0
1098200,26,0,15,0,7,0
1098300,5,0,10,0,3,0
1098400,8,0,17,0,4,0
1098500,12,0,19,0,4,0
1098600,14,0,15,0,4,0
1098700,26,0,20,0,3,0
1098800,10,0,7,0,4,0
1098900,28,0,17,0,5,0
1099000,27,1,29,0,5,1
1099100,11,2,17,0,4,2
1099200,22,0,16,0,5,0
1099300,29,2,19,0,7,2
1099400,11,0,22,0,4,0
1099500,9,0,9,0,1,0
1099600,13,0,7,0,2,0
1099700,15,0,17,0,1,0
1099800,20,0,21,0,3,0
1099900,31,2,16,0,1,2
1100000,8,0,5,0,3,0
1100100,18,0,1,0,1,0
1100200,54,0,16,0,10,0
1100300,27,0,14,0,5,0
1100400,12,1,5,0,1,1
1100500,28,0,8,0,6,0
1100600,17,0,34,0,2,0
1100700,19,0,26,0,2,0
1100800,14,0,9,0,8,0
1100900,22,0,8,0,3,0
1101000,19,0,17,0,9,0
1101100,18,0,8,0,5,0
1101200,9,0,11,0,1,0
1101300,6,0,9,0,1,0
1101400,17,0,20,0,7,0
1101500,6,0,11,0,4,0
1101600,27,0,13,0,3,0
1101700,16,0,15,0,3,0
1101800,23,0,11,0,7,0
1101900,2,0,10,0,2,0
1102000,28,0,3,0,3,0
1102100,34,0,23,0,5,0
1102200,20,0,29,0,8,0
1102300,9,0,4,0,2,0
1102400,4,0,12,0,3,0
1102500,22,0,21,0,7,0
1102600,30,0,16,0,5,0
1102700,6,0,9,0,0,0
1102800,52,0,17,0,7,0
1102900,22,0,12,0,6,0
1103000,9,0,22,0,10,0
1103100,5,0,8,0,1,0
1103200,18,0,21,0,6,0
1103300,5,0,4,0,1,0
1103400,37,0,16,0,6,0
1103500,7,0,10,0,4,0
1103600,7,0,9,0,0,0
1103700,29,0,10,0,2,0
1103800,14,0,11,0,6,0
1103900,18,0,4,0,2,0
1104000,2,0,12,0,7,0
1104100,16,0,11,0,1,0
1104200,8,0,21,0,3,0
1104300,30,0,15,0,4,0
1104400,17,0,11,0,4,0
1104500,8,0,12,0,1,0
1104600,29,0,13,0,5,0
1104700,9,0,15,0,3,0
1104800,23,0,15,0,2,0
1104900,10,0,14,0,6,0
1105000,20,0,11,0,5,0
1105100,4,0,7,0,0,0
1105200,8,0,9,0,2,0
1105300,10,0,8,0,4,0
1105400,21,0,20,0,4,0
1105500,15,0,10,0,4,0
1105600,17,0,6,0,2,0
1105700,17,0,17,0,3,0
1105800,34,0,13,0,3,0
1105900,18,1,19,0,1,1
1106000,15,0,8,0,1,0
1106100,29,0,9,0,5,0
1106200,13,0,16,0,6,0
1106300,16,0,9,0,3,0
1106400,17,0,9,0,4,0
1106500,7,0,20,0,2,0
1106600,25,0,5,0,7,0
1106700,14,0,15,0,2,0
1106800,6,0,12,0,3,0
1106900,25,0,8,0,7,0
1107000,11,0,19,0,2,0
1107100,27,0,11,0,4,0
1107200,11,0,8,0,5,0
1107300,6,0,11,0,5,0
1107400,24,0,11,0,6,0
1107500,6,1,10,0,2,1
1107600,15,0,4,0,6,0
1107700,15,0,2,0,0,0
1107800,22,0,17,0,6,0
1107900,6,0,3,0,1,0
1108000,9,0,21,0,0,0
1108100,18,0,7,0,4,0
1108200,16,0,12,0,5,0
1108300,15,0,6,0,2,0
1108400,22,0,6,0,2,0
1108500,14,0,11,0,3,0
1108600,22,0,16,0,0,0
1108700,9,0,0,0,1,0
1108800,19,1,31,0,10,1
1108900,5,0,2,0,2,0
1109000,13,1,9,0,2,1
1109100,20,0,6,0,3,0
1109200,22,0,5,0,3,0
1109300,4,0,12,0,6,0
1109400,12,0,11,0,3,0
1109500,9,0,17,0,4,0
1109600,13,0,17,0,2,0
1109700,12,0,3,0,3,0
1109800,16,0,5,0,3,0
1109900,25,0,4,0,2,0
1110000,16,0,10,0,4,0
1110100,15,0,9,0,2,0
1110200,11,0,4,0,6,0
1110300,14,0,5,0,5,0
1110400,14,0,18,0,4,0
1110500,4,0,10,0,2,0
1110600,16,0,7,0,2,0
1110700,4,0,9,0,3,0
1110800,28,0,6,0,1,0
1110900,18,0,7,0,3,0
1111000,9,0,15,0,4,0
1111100,14,0,5,0,2,0
1111200,5,1,28,0,3,1
1111300,20,1,9,0,5,1
1111400,16,0,4,0,3,0
1111500,22,0,9,0,1,0
1111600,22,0,5,0,1,0
1111700,17,0,23,0,4,0
1111800,10,0,5,0,2,0
1111900,9,0,1,0,1,0
1112000,32,0,12,0,7,0
1112100,6,0,9,0,1,0
1112200,9,0,9,0,4,0
1112300,10,0,8,0,3,0
1112400,7,0,1,0,4,0
1112500,10,0,12,0,1,0
1112600,13,0,7,0,3,0
1112700,9,0,7,0,1,0
1112800,1,0,20,0,3,0
1112900,22,0,8,0,1,0
1113000,6,0,6,0,1,0
1113100,15,0,1,0,3,0
1113200,21,0,12,0,7,0
1113300,7,0,5,0,3,0
1113400,8,0,18,0,1,0
1113500,11,0,4,0,2,0
1113600,17,0,12,0,7,0
1113700,9,0,5,0,2,0
1113800,25,0,7,0,4,0
1113900,14,0,4,0,2,0
1114000,7,0,9,0,1,0
1114100,7,0,7,0,1,0
1114200,7,0,9,0,2,0
1114300,22,1,17,0,5,1
1114400,6,0,5,0,2,0
1114500,4,0,3,0,2,0
1114600,30,0,3,0,4,0
1114700,10,0,14,0,3,0
1114800,4,0,4,0,0,0
1114900,7,0,0,0,0,0
1115000,22,0,24,0,4,0
1115100,10,2,12,0,5,2
1115200,5,0,6,0,1,0
1115300,27,0,9,0,1,0
1115400,10,0,11,0,0,0
1115500,19,0,7,0,3,0
1115600,10,0,6,0,2,0
1115700,8,0,5,0,3,0
1115800,16,0,15,0,3,0
1115900,4,0,8,0,5,0
1116000,4,0,3,0,1,0
1116100,9,0,7,0,0,0
1116200,20,0,6,0,2,0
1116300,13,0,10,0,1,0
1116400,9,0,5,0,2,0
1116500,3,0,8,0,0,0
1116600,10,0,16,0,0,0
1116700,8,0,5,0,1,0
1116800,4,0,12,0,3,0
1116900,18,0,5,0,5,0
1117000,13,0,9,0,2,0
1117100,3,0,1,0,1,0
1117200,17,7,5,0,1,7
1117300,13,0,3,0,2,0
1117400,13,0,21,0,5,0
1117500,8,0,17,15,24,0
1117600,10,0,9,0,4,0
1117700,12,0,2,0,2,0
1117800,4,0,7,0,1,0
1117900,3,42,104,122,9,42
1118000,1,54,88,76,10,54
1118100,3,76,37,143,20,76
1118200,11,31,29,153,6,31
1118300,27,3,23,4,5,3
1118400,0,0,2,0,0,0
1118500,0,0,23,0,0,0
1118600,0,0,31,0,0,0
1118700,7,0,95,41,2,0
1118800,8,2,73,14,3,2
1118900,1,0,1,0,0,0
1119000,5,0,16,0,2,0
1119100,17,0,5,0,3,0
1119200,7,10,56,0,9,10
1119300,25,18,29,0,12,18
1119400,25,4,18,0,5,4
1119500,33,0,25,0,4,0
1119600,84,0,10,0,6,0
1119700,9,0,6,0,2,0
1119800,35,0,23,0,9,0
1119900,5,0,11,0,3,0
1120000,12,2,14,0,3,2
1120100,31,3,14,0,5,3
1120200,30,0,9,0,5,0
1120300,10,0,6,0,1,0
1120400,34,0,7,0,3,0
1120500,33,0,13,0,3,0
1120600,23,1,24,0,2,1
1120700,20,0,42,0,1,0
1120800,13,0,12,0,5,0
1120900,21,0,15,0,2,0
1121000,39,0,81,44,5,0
1121100,19,1,38,0,3,1
1121200,24,0,21,0,2,0
1121300,18,0,22,0,3,0
1121400,28,0,37,0,5,0
1121500,25,1,25,0,2,1
1121600,24,1,29,0,6,1
1121700,17,0,19,0,2,0
1121800,38,0,52,0,11,0
1121900,8,0,47,16,0,0
1122000,26,0,59,0,4,0
1122100,12,0,15,0,2,0
1122200,30,3,62,1,4,3
1122300,20,3,67,5,4,3
1122400,16,2,38,37,5,2
1122500,31,1,84,33,7,1
1122600,3,1,29,17,2,1
1122700,3,0,73,32,1,0
1122800,25,1,77,6,6,1
1122900,13,0,30,8,4,0
1123000,15,1,44,4,7,1
1123100,9,1,50,4,2,1
1123200,16,4,41,0,3,4
1123300,10,1,90,90,4,1
1123400,5,1,39,1,0,1
1123500,1,0,38,24,1,0
1123600,3,0,74,47,1,0
1123700,18,3,68,18,5,3
1123800,15,3,40,33,5,3
1123900,9,1,31,0,2,1
1124000,19,1,46,0,9,1
1124100,11,2,61,22,3,2
1124200,10,3,70,9,4,3
1124300,6,0,43,7,3,0
1124400,5,0,43,17,1,0
1124500,15,0,17,0,6,0
1124600,6,0,14,0,2,0
1124700,26,0,45,3,9,0
1124800,43,3,40,0,4,3
1124900,20,1,8,0,5,1
1125000,58,0,51,0,7,0
1125100,30,0,17,0,6,0
1125200,17,0,29,0,3,0
1125300,13,0,34,24,3,0
1125400,22,0,88,31,6,0
1125500,9,5,42,0,4,5
1125600,0,0,10,0,0,0
1125700,16,4,99,74,9,4
1125800,13,1,75,24,2,1
1125900,1,0,35,4,1,0
1126000,1,0,56,36,1,0
1126100,10,0,57,19,2,0
1126200,7,2,55,38,7,2
1126300,5,5,46,0,4,5
1126400,11,0,64,44,5,0
1126500,14,1,64,18,7,1
1126600,3,0,51,46,0,0
1126700,18,0,25,0,1,0
1126800,13,0,42,8,4,0
1126900,13,0,35,15,5,0
1127000,12,1,76,104,6,1
1127100,12,0,31,0,3,0
1127200,18,1,40,23,4,1
1127300,14,0,45,1,4,0
1127400,9,0,31,0,4,0
1127500,18,0,49,20,4,0
1127600,9,0,22,0,5,0
1127700,15,0,28,0,3,0
1127800,21,1,33,0,10,1
1127900,15,2,64,24,8,2
1128000,0,0,1,0,0,0
1128100,6,0,12,0,2,0
1128200,58,0,23,0,5,0
1128300,10,1,80,0,3,1
1128400,14,0,2,0,2,0
1128500,29,0,7,0,4,0
1128600,47,0,40,2,9,0
1128700,10,2,32,0,1,2
1128800,11,1,22,0,3,1
1128900,7,0,22,0,2,0
1129000,42,0,72,58,10,0
1129100,7,0,36,0,0,0
1129200,4,0,9,0,2,0
1129300,12,0,5,0,0,0
1129400,27,0,78,2,15,0
1129500,12,1,22,0,4,1
1129600,6,0,2,0,2,0
1129700,21,0,10,0,1,0
1129800,72,0,40,0,8,0
1129900,3,0,5,0,3,0
1130000,12,1,15,0,1,1
1130100,26,0,29,0,6,0
1130200,15,1,92,103,8,1
1130300,17,0,41,50,5,0
1130400,0,0,3,0,1,0
1130500,27,0,26,0,2,0
1130600,16,0,88,30,8,0
1130700,5,0,55,45,0,0
1130800,9,0,20,0,2,0
1130900,7,0,18,0,3,0
1131000,28,0,51,0,5,0
1131100,5,0,42,0,6,0
1131200,3,0,9,0,1,0
1131300,12,0,16,0,5,0
1131400,31,1,31,0,4,1
1131500,4,0,8,0,2,0
1131600,11,0,5,0,3,0
1131700,25,0,28,0,3,0
1131800,18,0,39,0,4,0
1131900,8,0,27,0,1,0
1132000,5,0,8,0,2,0
1132100,11,1,36,0,3,1
1132200,27,0,42,2,4,0
1132300,29,0,63,0,6,0
1132400,24,0,41,8,5,0
1132500,5,0,6,0,0,0
1132600,7,0,40,6,2,0
1132700,14,0,39,37,4,0
1132800,13,4,67,34,7,4
1132900,16,0,11,0,3,0
1133000,33,0,17,0,5,0
1133100,9,0,18,0,5,0
1133200,18,0,1,0,3,0
1133300,11,0,25,0,4,0
1133400,12,2,30,0,6,2
1133500,23,0,4,0,3,0
1133600,4,0,31,0,2,0
1133700,39,0,3,0,3,0
1133800,30,0,19,0,5,0
1133900,15,0,59,40,3,0
1134000,8,1,27,0,2,1
1134100,8,1,31,0,4,1
1134200,20,1,56,0,9,1
1134300,13,0,33,0,3,0
1134400,24,0,19,0,3,0
1134500,51,0,23,0,7,0
1134600,4,0,11,0,1,0
1134700,9,0,15,0,4,0
1134800,12,0,19,0,6,0
1134900,23,0,62,0,15,0
1135000,4,0,2,0,1,0
1135100,37,0,4,0,6,0
1135200,37,0,8,0,5,0
1135300,4,0,10,0,3,0
1135400,3,0,1,0,2,0
1135500,10,1,33,0,7,1
1135600,12,0,67,41,7,0
1135700,12,0,5,0,0,0
1135800,11,0,11,0,2,0
1135900,41,0,20,0,4,0
1136000,16,0,44,0,6,0
1136100,14,0,5,0,0,0
1136200,8,1,25,0,1,1
1136300,24,1,28,0,2,1
1136400,10,0,26,0,5,0
1136500,19,0,3,0,4,0
1136600,53,0,29,0,5,0
1136700,12,0,13,0,4,0
1136800,22,0,19,0,1,0
1136900,12,2,56,0,5,2
1137000,22,0,23,0,4,0
1137100,11,0,29,0,1,0
1137200,32,0,20,0,7,0
1137300,34,0,9,0,9,0
1137400,15,0,14,0,3,0
1137500,8,1,23,0,1,1
1137600,28,1,25,0,9,1
1137700,11,1,31,0,5,1
1137800,15,0,7,0,1,0
1137900,26,0,16,0,2,0
1138000,24,0,21,0,4,0
1138100,11,0,21,0,1,0
1138200,2,0,9,0,1,0
1138300,22,0,19,0,7,0
1138400,30,0,14,0,5,0
1138500,15,0,50,5,6,0
1138600,27,0,3,0,4,0
1138700,18,0,4,0,6,0
1138800,27,0,46,0,4,0
1138900,7,0,12,0,2,0
1139000,23,0,38,0,4,0
1139100,7,1,20,0,5,1
1139200,2,0,32,0,3,0
1139300,38,0,8,0,2,0
1139400,26,0,16,0,3,0
1139500,19,0,2,0,4,0
1139600,21,1,6,0,1,1
1139700,12,0,8,0,3,0
1139800,19,0,39,11,3,0
1139900,11,0,28,0,9,0
1140000,17,0,39,1,4,0
1140100,21,0,13,0,6,0
1140200,45,0,3,0,9,0
1140300,6,1,4,0,3,1
1140400,5,0,29,0,4,0
1140500,16,0,29,0,8,0
1140600,9,1,39,14,9,1
1140700,18,0,2,0,2,0
1140800,19,0,4,0,3,0
1140900,24,0,3,0,1,0
1141000,20,0,18,0,5,0
1141100,24,0,17,0,3,0
1141200,10,0,23,0,7,0
1141300,2,0,6,0,2,0
1141400,5,0,12,0,2,0
1141500,33,0,17,0,3,0
1141600,13,0,19,0,1,0
1141700,35,0,24,0,2,0
1141800,4,0,6,0,0,0
1141900,24,0,8,0,1,0
1142000,22,0,34,0,6,0
1142100,7,1,29,0,9,1
1142200,10,0,13,0,1,0
1142300,43,0,19,0,12,0
1142400,20,0,18,0,5,0
1142500,5,0,5,0,2,0
1142600,5,0,14,0,2,0
1142700,10,0,39,0,4,0
1142800,16,1,10,0,5,1
1142900,20,0,4,0,1,0
1143000,40,0,8,0,7,0
1143100,19,0,3,0,3,0
1143200,17,0,17,0,2,0
1143300,23,0,15,0,4,0
1143400,15,0,30,0,2,0
1143500,13,1,35,0,4,1
1143600,22,0,3,0,3,0
1143700,68,0,23,0,11,0
1143800,3,0,12,0,1,0
1143900,19,0,1,0,1,0
1144000,37,0,24,0,11,0
1144100,11,0,34,0,5,0
1144200,5,0,1,0,0,0
1144300,9,0,9,0,1,0
1144400,13,0,21,0,4,0
1144500,32,0,2,0,5,0
1144600,24,0,18,0,2,0
1144700,2,0,3,0,0,0
1144800,4,0,1,0,2,0
1144900,10,0,25,0,5,0
1145000,10,0,27,0,4,0
1145100,25,0,5,0,2,0
1145200,28,0,4,0,9,0
1145300,28,0,7,0,4,0
1145400,7,0,10,0,0,0
1145500,8,0,11,0,2,0
1145600,11,1,25,0,5,1
1145700,20,0,27,0,8,0
1145800,7,0,1,0,1,0
1145900,28,0,2,0,5,0
1146000,32,0,1,0,4,0
1146100,9,0,15,0,1,0
1146200,13,0,4,0,1,0
1146300,9,0,31,0,6,0
1146400,29,0,20,0,9,0
1146500,24,0,8,0,4,0
1146600,34,0,3,0,9,0
1146700,9,0,9,0,0,0
1146800,6,0,4,0,3,0
1146900,7,0,22,0,4,0
1147000,8,0,31,0,4,0
1147100,7,0,6,0,3,0
1147200,25,0,6,0,2,0
1147300,41,0,5,0,3,0
1147400,5,0,4,0,0,0
1147500,16,0,18,0,1,0
1147600,3,0,10,0,2,0
1147700,24,0,31,0,7,0
1147800,3,0,6,0,0,0
1147900,47,0,9,0,10,0
1148000,28,0,2,0,4,0
1148100,17,0,7,0,5,0
1148200,0,0,1,0,0,0
1148300,7,0,39,0,8,0
1148400,10,0,25,0,1,0
1148500,12,0,15,0,4,0
1148600,26,0,1,0,2,0
1148700,32,0,5,0,1,0
1148800,21,0,14,0,0,0
1148900,32,0,22,0,4,0
1149000,8,0,21,0,4,0
1149100,1,0,11,0,2,0
1149200,27,0,1,0,3,0
1149300,38,0,30,0,8,0
1149400,3,0,3,0,1,0
1149500,10,0,1,0,0,0
1149600,5,0,24,0,1,0
1149700,23,1,39,0,9,1
1149800,3,0,2,0,1,0
1149900,24,0,3,0,3,0
1150000,21,0,8,0,2,0
1150100,23,0,14,0,4,0
1150200,3,0,1,0,1,0
1150300,14,0,24,0,4,0
1150400,15,0,17,0,1,0
1150500,7,0,12,0,1,0
1150600,1,0,5,0,0,0
1150700,22,0,22,0,6,0
1150800,19,0,2,0,2,0
1150900,14,0,2,0,3,0
1151000,10,0,2,0,4,0
1151100,17,0,16,0,3,0
1151200,4,0,3,0,1,0
1151300,34,0,31,0,3,0
1151400,14,0,20,0,0,0
1151500,4,0,15,0,1,0
1151600,5,0,2,0,1,0
1151700,28,0,9,0,2,0
1151800,23,0,12,0,6,0
1151900,11,0,6,0,5,0
1152000,13,0,10,0,4,0
1152100,11,0,7,0,2,0
1152200,18,0,16,0,6,0
1152300,4,0,6,0,3,0
1152400,2,0,11,0,0,0
1152500,30,0,13,0,3,0
1152600,9,0,14,0,7,0
1152700,1,0,2,0,1,0
1152800,1,0,2,0,1,0
1152900,7,0,23,0,4,0
1153000,15,0,9,0,4,0
1153100,2,0,1,0,0,0
1153200,33,0,5,0,3,0
1153300,2,0,10,0,0,0
1153400,13,0,15,0,0,0
1153500,12,0,7,0,2,0
1153600,6,0,16,0,5,0
1153700,4,0,2,0,1,0
1153800,40,0,3,0,3,0
1153900,12,0,19,0,2,0
1154000,12,0,0,0,0,0
1154100,13,0,8,0,2,0
1154200,12,7,24,0,5,7
1154300,5,0,0,0,0,0
1154400,7,0,9,0,2,0
1154500,24,0,23,25,25,0
1154600,25,0,15,0,4,0
1154700,5,0,1,0,4,0
1154800,8,0,1,0,1,0
1154900,8,31,63,50,14,31
1155000,9,37,89,98,11,37
1155100,8,130,71,0,19,130
1155200,0,41,20,264,9,41
1155300,7,2,31,113,5,2
1155400,0,0,10,0,0,0
1155500,0,0,27,1,0,0
1155600,1,0,28,0,1,0
1155700,5,0,27,0,1,0
1155800,4,0,88,154,1,0
1155900,3,2,89,80,8,2
1156000,2,8,15,0,4,8
1156100,0,0,6,0,0,0
1156200,26,0,34,0,9,0
1156300,38,13,40,0,16,13
1156400,28,16,9,0,7,16
1156500,21,0,2,0,1,0
1156600,68,1,8,0,9,1
1156700,45,0,9,0,1,0
1156800,7,0,12,0,1,0
1156900,3,0,3,0,0,0
1157000,50,0,39,0,7,0
1157100,22,1,12,0,2,1
1157200,5,0,4,0,2,0
1157300,35,1,33,0,6,1
1157400,39,1,73,0,12,1
1157500,4,0,1,0,0,0
1157600,12,0,7,0,0,0
1157700,9,0,30,0,1,0
1157800,47,3,46,0,12,3
1157900,17,2,45,0,2,2
1158000,21,0,41,4,2,0
1158100,45,0,47,7,5,0
1158200,23,0,53,9,2,0
1158300,2,0,0,0,2,0
1158400,18,1,22,0,4,1
1158500,53,13,78,2,13,13
1158600,14,0,24,0,1,0
1158700,31,3,57,0,10,3
1158800,27,1,60,3,6,1
1158900,28,1,54,21,7,1
1159000,7,0,17,14,0,0
1159100,17,1,64,7,4,1
1159200,38,1,45,0,4,1
1159300,27,1,37,0,1,1
1159400,15,2,73,8,10,2
1159500,8,0,42,0,4,0
1159600,12,1,79,29,8,1
1159700,10,0,23,1,1,0
1159800,0,1,37,12,3,1
1159900,34,6,52,0,8,6
1160000,11,1,59,0,1,1
1160100,25,6,29,0,6,6
1160200,12,1,61,9,3,1
1160300,6,2,46,0,6,2
1160400,31,0,43,0,3,0
1160500,5,0,8,0,1,0
1160600,6,0,14,0,0,0
1160700,44,1,51,0,8,1
1160800,26,4,54,0,5,4
1160900,2,0,13,0,1,0
1161000,32,0,22,0,3,0
1161100,45,0,16,0,11,0
1161200,14,0,65,0,6,0
1161300,10,0,1,0,0,0
1161400,22,0,47,19,10,0
1161500,19,1,54,38,5,1
1161600,10,2,14,0,4,2
1161700,15,0,41,1,8,0
1161800,23,0,34,0,6,0
1161900,20,0,29,0,1,0
1162000,34,0,33,0,8,0
1162100,30,0,27,0,6,0
1162200,24,0,55,0,7,0
1162300,10,0,12,0,2,0
1162400,38,0,41,0,5,0
1162500,37,2,37,0,6,2
1162600,25,0,42,0,2,0
1162700,13,1,34,0,3,1
1162800,18,0,34,0,6,0
1162900,19,1,43,25,7,1
1163000,8,1,16,0,3,1
1163100,21,2,40,0,4,2
1163200,28,2,70,14,5,2
1163300,4,0,70,59,5,0
1163400,15,0,54,0,0,0
1163500,8,0,72,6,4,0
1163600,6,0,16,0,1,0
1163700,14,0,70,0,4,0
1163800,6,5,35,25,4,5
1163900,10,3,46,0,6,3
1164000,8,1,50,0,6,1
1164100,13,0,58,21,4,0
1164200,17,0,63,0,3,0
1164300,13,0,17,0,7,0
1164400,12,0,17,0,1,0
1164500,20,3,57,0,12,3
1164600,10,2,45,12,6,2
1164700,16,0,5,0,3,0
1164800,27,0,8,0,6,0
1164900,46,0,56,0,12,0
1165000,13,0,23,15,0,0
1165100,4,0,44,1,4,0
1165200,15,0,46,0,7,0
1165300,10,2,31,0,6,2
1165400,9,2,45,20,9,2
1165500,22,0,49,13,8,0
1165600,9,0,32,0,1,0
1165700,11,0,34,1,2,0
1165800,17,0,22,0,5,0
1165900,14,0,23,0,1,0
1166000,16,0,60,0,8,0
1166100,12,2,41,0,7,2
1166200,9,2,31,0,7,2
1166300,31,1,22,0,4,1
1166400,34,0,29,0,2,0
1166500,15,0,25,0,1,0
1166600,11,0,17,0,1,0
1166700,26,0,32,0,2,0
1166800,7,4,82,56,9,4
1166900,16,0,13,0,7,0
1167000,23,0,21,0,2,0
1167100,19,0,12,0,4,0
1167200,8,1,56,58,8,1
1167300,18,0,14,0,6,0
1167400,6,2,30,0,5,2
1167500,4,0,8,0,0,0
1167600,31,0,31,0,6,0
1167700,25,0,19,0,11,0
1167800,18,0,10,0,2,0
1167900,22,0,39,2,6,0
1168000,46,0,24,0,7,0
1168100,10,0,23,0,2,0
1168200,3,0,46,1,4,0
1168300,30,1,67,29,11,1
1168400,12,0,24,0,5,0
1168500,5,0,27,0,0,0
1168600,14,0,20,0,3,0
1168700,34,0,39,0,0,0
1168800,17,0,76,44,11,0
1168900,5,0,3,0,2,0
1169000,13,0,17,0,2,0
1169100,35,0,46,0,5,0
1169200,25,1,31,0,4,1
1169300,2,0,6,0,0,0
1169400,18,0,22,0,9,0
1169500,21,1,46,0,15,1
1169600,28,0,36,0,7,0
1169700,12,0,13,0,2,0
1169800,18,0,26,0,6,0
1169900,19,0,17,0,4,0
1170000,7,0,20,0,4,0
1170100,13,0,30,0,5,0
1170200,25,0,22,0,8,0
1170300,18,0,13,0,3,0
1170400,32,0,10,0,3,0
1170500,7,0,39,0,4,0
1170600,31,0,12,0,4,0
1170700,10,0,16,0,4,0
1170800,28,0,29,0,2,0
1170900,21,0,34,0,6,0
1171000,33,1,32,0,7,1
1171100,8,0,8,0,1,0
1171200,6,1,54,19,2,1
1171300,25,2,44,0,3,2
1171400,28,0,11,0,4,0
1171500,2,0,23,0,1,0
1171600,42,0,29,0,9,0
1171700,2,0,5,0,2,0
1171800,14,0,22,0,3,0
1171900,22,0,3,0,2,0
1172000,42,1,49,0,4,1
1172100,10,0,21,0,3,0
1172200,17,0,3,0,4,0
1172300,35,0,4,0,3,0
1172400,17,0,40,0,4,0
1172500,7,0,39,5,4,0
1172600,22,0,14,0,2,0
1172700,31,0,25,0,7,0
1172800,24,0,12,0,7,0
1172900,6,0,17,0,3,0
1173000,15,0,7,0,4,0
1173100,22,0,19,0,4,0
1173200,15,1,41,0,7,1
1173300,26,1,2,0,4,1
1173400,40,1,12,0,11,1
1173500,34,0,18,0,6,0
1173600,13,0,14,0,5,0
1173700,20,0,27,0,6,0
1173800,16,0,24,0,5,0
1173900,21,0,23,1,9,0
1174000,16,1,10,0,4,1
1174100,54,0,25,0,13,0
1174200,20,0,5,0,3,0
1174300,16,0,16,0,7,0
1174400,34,0,15,0,5,0
1174500,12,0,19,0,5,0
1174600,11,0,32,0,4,0
1174700,40,0,15,0,7,0
1174800,25,0,21,0,8,0
1174900,18,0,1,0,2,0
1175000,23,0,11,0,3,0
1175100,13,0,31,0,6,0
1175200,16,0,25,0,10,0
1175300,11,0,7,0,3,0
1175400,31,0,15,0,6,0
1175500,10,0,6,0,0,0
1175600,35,0,7,0,5,0
1175700,10,0,31,0,2,0
1175800,27,0,29,0,7,0
1175900,15,0,8,0,6,0
1176000,7,0,13,0,7,0
1176100,19,0,16,0,3,0
1176200,29,1,25,0,3,1
1176300,11,0,22,0,4,0
1176400,2,0,24,0,7,0
1176500,27,0,10,0,3,0
1176600,35,1,28,0,5,1
1176700,7,0,18,0,2,0
1176800,8,0,1,0,3,0
1176900,21,0,15,0,2,0
1177000,45,0,36,0,6,0
1177100,7,0,7,0,0,0
1177200,11,0,9,0,3,0
1177300,48,0,31,0,6,0
1177400,33,0,17,0,11,0
1177500,2,0,9,0,1,0
1177600,35,0,7,0,5,0
1177700,6,0,30,0,4,0
1177800,8,0,25,0,7,0
1177900,18,0,3,0,2,0
1178000,10,0,29,0,9,0
1178100,32,0,6,0,4,0
1178200,28,0,28,0,5,0
1178300,35,0,8,0,5,0
1178400,15,0,5,0,4,0
1178500,16,0,15,0,4,0
1178600,13,0,15,0,3,0
1178700,16,0,13,0,5,0
1178800,5,2,17,0,7,2
1178900,19,0,14,0,5,0
1179000,32,0,10,0,6,0
1179100,16,0,16,0,4,0
1179200,8,0,2,0,1,0
1179300,13,0,14,0,4,0
1179400,4,1,13,0,0,1
1179500,44,1,23,0,10,1
1179600,6,0,5,0,0,0
1179700,25,0,12,0,2,0
1179800,17,0,12,0,3,0
1179900,22,0,24,0,6,0
1180000,9,0,8,0,1,0
1180100,10,0,11,0,5,0
1180200,34,0,15,0,10,0
1180300,18,0,17,0,3,0
1180400,16,0,7,0,3,0
1180500,9,0,8,0,0,0
1180600,13,0,15,0,11,0
1180700,24,0,9,0,7,0
1180800,9,0,19,0,2,0
1180900,13,0,1,0,1,0
1181000,17,0,7,0,2,0
1181100,40,0,31,0,4,0
1181200,18,0,13,0,3,0
1181300,3,0,2,0,3,0
1181400,24,0,21,0,3,0
1181500,32,0,24,0,4,0
1181600,12,0,20,0,7,0
1181700,15,0,3,0,3,0
1181800,35,0,18,0,3,0
1181900,9,0,22,0,4,0
1182000,14,0,10,0,4,0
1182100,6,0,19,0,2,0
1182200,14,0,23,0,3,0
1182300,23,0,2,0,7,0
1182400,31,0,15,0,4,0
1182500,22,0,0,0,2,0
1182600,5,1,8,0,1,1
1182700,12,0,23,0,2,0
1182800,15,0,21,0,2,0
1182900,30,2,16,0,4,2
1183000,20,0,10,0,3,0
1183100,40,0,15,0,2,0
1183200,11,0,6,0,4,0
1183300,23,0,21,0,4,0
1183400,17,0,8,0,8,0
1183500,6,1,24,0,3,1
1183600,18,0,15,0,1,0
1183700,17,0,8,0,0,0
1183800,16,0,9,0,6,0
1183900,21,0,0,0,1,0
1184000,17,0,24,0,6,0
1184100,7,0,4,0,0,0
1184200,6,1,17,0,5,1
1184300,36,0,6,0,4,0
1184400,26,0,9,0,6,0
1184500,15,0,14,0,4,0
1184600,24,0,11,0,7,0
1184700,18,0,8,0,2,0
1184800,16,0,10,0,4,0
1184900,10,0,6,0,5,0
1185000,29,0,18,0,2,0
1185100,12,1,24,0,7,1
1185200,14,0,8,0,3,0
1185300,13,0,10,0,4,0
1185400,24,0,8,0,10,0
1185500,7,0,4,0,2,0
1185600,23,0,16,0,4,0
1185700,15,0,33,0,3,0
1185800,5,1,13,0,3,1
1185900,16,0,3,0,2,0
1186000,19,0,16,0,4,0
1186100,7,0,10,0,4,0
1186200,23,0,9,0,4,0
1186300,29,0,14,0,6,0
1186400,6,0,2,0,1,0
1186500,18,0,8,0,4,0
1186600,25,0,16,0,2,0
1186700,16,0,18,0,3,0
1186800,20,0,10,0,1,0
1186900,16,0,18,0,9,0
1187000,20,0,8,0,1,0
1187100,22,0,4,0,1,0
1187200,19,0,12,0,5,0
1187300,8,0,15,0,4,0
1187400,4,0,8,0,0,0
1187500,24,0,14,0,4,0
1187600,25,0,30,0,11,0
1187700,13,0,1,0,0,0
1187800,34,0,8,0,2,0
1187900,12,0,22,0,6,0
1188000,3,0,7,0,1,0
1188100,18,0,6,0,0,0
1188200,16,1,33,0,9,1
1188300,13,1,10,0,7,1
1188400,19,0,6,0,3,0
1188500,36,0,16,0,6,0
1188600,3,0,11,0,2,0
1188700,1,0,3,0,1,0
1188800,28,0,8,0,7,0
1188900,14,0,17,0,3,0
1189000,0,0,0,0,0,0
1189100,24,0,7,0,1,0
1189200,19,0,35,0,4,0
1189300,9,0,10,0,2,0
1189400,16,0,3,0,5,0
1189500,20,0,10,0,3,0
1189600,15,0,2,0,5,0
1189700,9,0,5,0,5,0
1189800,10,0,22,0,4,0
1189900,4,0,8,0,2,0
1190000,6,0,14,0,1,0
1190100,27,0,12,0,4,0
1190200,14,0,12,0,1,0
1190300,8,0,3,0,4,0
1190400,29,0,14,0,6,0
1190500,7,0,4,0,2,0
1190600,12,0,5,0,4,0
1190700,6,0,11,0,5,0
1190800,21,0,21,0,6,0
1190900,10,1,8,0,3,1
1191000,9,0,4,0,1,0
1191100,30,0,16,0,5,0
1191200,7,0,11,0,4,0
1191300,10,0,6,0,1,0
1191400,16,0,5,0,2,0
1191500,30,0,12,0,1,0
1191600,7,0,8,0,2,0
1191700,14,0,7,0,3,0
1191800,16,0,5,0,2,0
1191900,14,0,19,0,1,0
1192000,18,0,9,0,3,0
1192100,33,0,12,0,3,0
1192200,16,0,8,0,3,0
1192300,9,0,5,0,1,0
1192400,29,0,9,0,4,0
1192500,12,0,17,0,2,0
1192600,3,0,12,0,0,0
1192700,11,0,7,0,3,0
1192800,22,0,7,0,4,0
1192900,24,0,10,0,4,0
1193000,4,0,11,0,1,0
1193100,5,0,7,0,10,0
1193200,19,0,6,0,3,0
1193300,10,0,8,0,2,0
1193400,6,0,10,0,1,0
1193500,12,0,7,0,2,0
1193600,9,0,17,0,4,0
1193700,23,0,11,0,1,0
1193800,8,0,15,0,2,0
1193900,8,0,7,0,1,0
1194000,25,0,6,0,4,0
1194100,3,0,2,0,1,0
1194200,13,0,6,0,4,0
1194300,17,0,8,0,2,0
1194400,3,0,12,0,2,0
1194500,11,0,9,0,3,0
1194600,17,0,9,0,2,0
1194700,7,0,6,0,2,0
1194800,17,0,11,0,4,0
1194900,1,0,2,0,1,0
1195000,8,0,15,0,3,0
1195100,11,0,10,0,1,0
1195200,5,0,4,0,5,0
1195300,11,0,7,0,2,0
1195400,15,0,3,0,2,0
1195500,15,0,12,0,0,0
1195600,14,0,10,0,2,0
1195700,14,0,9,0,1,0
1195800,10,0,10,0,2,0
1195900,12,0,11,0,2,0
1196000,8,0,1,0,1,0
1196100,4,0,7,0,4,0
1196200,15,0,10,0,2,0
1196300,8,0,4,0,1,0
1196400,7,0,3,0,2,0
1196500,9,0,8,0,1,0
1196600,13,0,9,0,4,0
1196700,4,0,3,0,2,0
1196800,16,0,4,0,2,0
1196900,12,0,10,0,3,0
1197000,4,0,5,0,1,0
1197100,7,0,5,0,2,0
1197200,4,0,5,0,1,0
1197300,12,0,9,0,5,0
1197400,4,0,0,0,2,0
1197500,14,0,7,0,6,0
1197600,11,0,6,0,2,0
1197700,8,0,6,0,3,0
1197800,21,0,16,0,0,0
1197900,11,1,9,0,0,1
1198000,12,0,2,0,1,0
1198100,13,0,9,0,4,0
1198200,7,1,2,0,1,1
1198300,21,0,9,0,5,0
1198400,4,0,9,0,0,0
1198500,9,0,7,0,5,0
1198600,10,0,2,0,3,0
1198700,14,0,8,0,1,0
1198800,10,0,7,0,2,0
1198900,9,0,9,0,0,0
1199000,13,0,10,0,5,0
1199100,5,0,6,0,0,0
1199200,11,0,4,0,3,0
1199300,12,0,2,0,5,0
1199400,5,0,6,0,2,0
1199500,10,0,3,0,0,0
1199600,7,0,8,0,2,0
1199700,12,0,4,0,3,0
1199800,14,0,4,0,0,0
1199900,13,0,10,0,3,0
1200000,5,0,8,0,1,0
1200100,13,0,6,0,3,0
1200200,14,0,10,0,3,0
1200300,13,0,1,0,1,0
1200400,11,0,5,0,5,0
1200500,12,0,3,0,3,0
1200600,6,0,4,0,2,0
1200700,4,0,11,0,0,0
1200800,8,0,6,0,1,0
1200900,6,0,7,0,1,0
1201000,3,0,6,0,4,0
1201100,7,0,2,0,1,0
1201200,14,0,10,0,4,0
1201300,6,0,8,0,2,0
1201400,8,0,1,0,2,0
1201500,9,0,10,0,3,0
1201600,13,0,4,0,4,0
1201700,10,0,3,0,2,0
1201800,5,0,6,0,1,0
1201900,6,0,1,0,1,0
1202000,7,0,12,0,2,0
1202100,2,0,11,0,1,0
1202200,4,0,3,0,1,0
1202300,7,0,3,0,1,0
1202400,21,0,15,0,4,0
1202500,5,0,3,0,0,0
1202600,3,0,2,0,0,0
1202700,21,0,18,0,2,0
1202800,8,0,4,0,1,0
1202900,4,0,3,0,1,0
1203000,19,0,13,0,5,0
1203100,6,0,0,0,3,0
1203200,2,0,2,0,2,0
1203300,20,0,0,0,3,0
1203400,4,0,15,0,5,0
1203500,2,0,0,0,2,0
1203600,11,0,1,0,0,0
1203700,12,0,18,0,5,0
1203800,3,0,4,0,0,0
1203900,13,0,0,0,3,0
1204000,11,0,11,0,3,0
1204100,7,0,6,0,6,0
1204200,5,0,0,0,3,0
1204300,5,0,3,0,0,0
1204400,7,0,4,0,4,0
1204500,6,0,2,0,0,0
1204600,8,0,9,0,3,0
1204700,4,0,2,0,0,0
1204800,5,0,5,0,3,0
1204900,11,0,8,0,2,0
1205000,10,0,2,0,1,0
1205100,7,0,9,0,3,0
1205200,11,0,2,0,1,0
1205300,7,0,4,0,3,0
1205400,6,0,3,0,0,0
1205500,7,0,12,0,2,0
1205600,13,0,6,0,0,0
1205700,8,0,6,0,3,0
1205800,8,0,1,0,1,0
1205900,13,0,10,0,2,0
1206000,3,0,0,0,1,0
1206100,5,0,5,0,2,0
1206200,2,0,6,0,1,0
1206300,5,0,5,0,1,0
1206400,4,0,2,0,4,0
1206500,10,0,5,0,0,0
1206600,14,0,6,0,1,0
1206700,4,0,5,0,0,0
1206800,13,0,9,0,0,0
1206900,11,0,6,0,1,0
1207000,2,0,5,0,3,0
1207100,6,0,5,0,0,0
1207200,12,0,2,0,0,0
1207300,5,0,6,0,3,0
1207400,3,0,3,0,2,0
1207500,9,0,0,0,0,0
1207600,8,0,13,0,1,0
1207700,6,0,5,0,1,0
1207800,8,0,1,0,0,0
1207900,12,1,14,0,0,1
1208000,6,0,2,0,0,0
1208100,7,0,5,0,2,0
1208200,10,1,9,0,2,1
1208300,4,0,3,0,1,0
1208400,7,0,1,0,1,0
1208500,13,0,8,0,4,0
1208600,7,0,2,0,2,0
1208700,7,0,4,0,2,0
1208800,3,0,5,0,1,0
1208900,6,0,6,0,2,0
1209000,3,0,4,0,0,0
1209100,9,0,1,0,4,0
1209200,4,0,5,0,1,0
1209300,2,0,8,0,2,0
1209400,9,0,7,0,2,0
1209500,3,0,2,0,1,0
1209600,3,0,5,0,0,0
1209700,9,0,5,0,3,0
1209800,7,0,3,0,1,0
1209900,3,0,7,0,2,0
1210000,6,0,2,0,3,0
1210100,13,0,3,0,2,0
1210200,5,0,5,0,2,0
1210300,3,0,4,0,1,0
1210400,10,0,4,0,3,0
1210500,5,0,4,0,1,0
1210600,2,0,1,0,0,0
1210700,11,0,2,0,2,0
1210800,8,0,7,0,5,0
1210900,1,0,1,0,0,0
1211000,8,0,0,0,2,0
1211100,7,0,10,0,2,0
1211200,5,0,4,0,1,0
1211300,7,0,3,0,0,0
1211400,8,0,9,0,1,0
1211500,4,0,5,0,1,0
1211600,2,0,4,0,2,0
1211700,9,0,3,0,0,0
1211800,6,0,8,0,2,0
1211900,0,0,3,0,0,0
1212000,10,0,4,0,1,0
1212100,11,0,4,0,1,0
1212200,1,0,5,0,1,0
1212300,10,0,5,0,2,0
1212400,6,0,3,0,2,0
1212500,2,0,1,0,0,0
1212600,6,0,4,0,3,0
1212700,6,0,5,0,0,0
1212800,5,0,3,0,0,0
1212900,6,0,2,0,0,0
1213000,3,0,9,0,3,0
1213100,5,0,1,0,1,0
1213200,12,0,2,0,0,0
1213300,4,0,11,0,2,0
1213400,4,0,3,0,1,0
1213500,11,0,1,0,0,0
1213600,8,0,7,0,1,0
1213700,5,0,5,0,1,0
1213800,6,0,3,0,0,0
1213900,4,0,6,0,1,0
1214000,3,0,0,0,1,0
1214100,2,0,3,0,2,0
1214200,3,0,2,0,1,0
1214300,6,0,5,0,0,0
1214400,5,0,2,0,1,0
1214500,4,0,4,0,2,0
1214600,7,0,2,0,3,0
1214700,3,1,2,0,0,1
1214800,3,0,2,0,0,0
1214900,8,0,3,0,1,0
1215000,3,0,3,0,1,0
1215100,3,0,1,0,3,0
1215200,5,0,2,0,1,0
1215300,3,0,3,0,2,0
1215400,3,0,1,0,1,0
1215500,9,0,3,0,1,0
1215600,3,0,5,0,2,0
1215700,1,0,1,0,0,0
1215800,11,0,4,0,1,0
1215900,4,0,6,0,0,0
1216000,1,0,1,0,0,0
1216100,6,0,3,0,2,0
1216200,6,0,5,0,1,0
1216300,1,0,1,0,1,0
1216400,5,0,2,0,1,0
1216500,9,0,6,0,2,0
1216600,1,0,0,0,0,0
1216700,3,0,1,0,1,0
1216800,7,0,7,0,1,0
1216900,3,0,2,0,1,0
1217000,2,0,1,0,1,0
1217100,6,0,5,0,2,0
1217200,3,0,3,0,0,0
1217300,1,0,1,0,1,0
1217400,7,0,4,0,1,0
1217500,5,0,4,0,0,0
1217600,5,0,1,0,1,0
1217700,7,0,3,0,2,0
1217800,4,0,4,0,1,0
1217900,4,0,2,0,0,0
1218000,7,0,3,0,2,0
1218100,4,0,5,0,1,0
1218200,3,0,1,0,0,0
1218300,6,0,3,0,2,0
1218400,1,0,5,0,1,0
1218500,1,0,1,0,0,0
1218600,9,0,3,0,1,0
1218700,6,0,5,0,2,0
1218800,1,0,1,0,0,0
1218900,5,0,2,0,1,0
1219000,8,0,5,0,3,0
1219100,1,0,1,0,0,0
1219200,7,0,1,0,0,0
1219300,10,0,6,0,2,0
1219400,1,0,1,0,1,0
1219500,1,0,2,0,0,0
1219600,10,0,3,0,1,0
1219700,5,0,3,0,1,0
1219800,2,0,4,0,0,0
1219900,5,0,3,0,2,0
1220000,2,0,1,0,2,0
1220100,4,0,2,0,1,0
1220200,4,0,2,0,1,0
1220300,7,0,3,0,2,0
1220400,4,0,1,0,3,0
1220500,9,0,0,0,1,0
1220600,7,0,7,0,1,0
1220700,6,0,1,0,0,0
1220800,7,0,1,0,1,0
1220900,10,0,5,0,2,0
1221000,5,0,1,0,2,0
1221100,4,0,0,0,2,0
1221200,3,0,2,0,3,0
1221300,2,0,3,0,0,0
1221400,6,0,0,0,0,0
1221500,5,0,5,0,1,0
1221600,4,0,4,0,1,0
1221700,2,0,0,0,1,0
1221800,10,0,5,0,1,0
1221900,3,0,2,0,1,0
1222000,3,0,1,0,0,0
1222100,10,0,2,0,1,0
1222200,5,0,2,0,3,0
1222300,3,0,3,0,1,0
1222400,4,0,4,0,0,0
1222500,6,0,2,0,0,0
1222600,5,0,4,0,2,0
1222700,7,0,0,0,0,0
1222800,7,0,4,0,2,0
1222900,4,0,3,0,2,0
1223000,4,0,0,0,0,0
1223100,5,0,3,0,0,0
1223200,6,0,5,0,1,0
1223300,5,0,2,0,1,0
1223400,2,0,3,0,1,0
1223500,7,0,4,0,1,0
1223600,4,0,2,0,0,0
1223700,1,0,3,0,2,0
1223800,6,0,6,0,0,0
1223900,4,0,2,0,0,0
1224000,1,0,3,0,0,0
1224100,7,0,3,0,1,0
1224200,2,0,3,0,3,0
1224300,0,0,0,0,0,0
1224400,4,0,2,0,1,0
1224500,7,0,1,0,0,0
1224600,4,0,5,0,1,0
1224700,3,0,2,0,1,0
1224800,5,0,2,0,0,0
1224900,5,0,6,0,0,0
1225000,4,0,2,0,0,0
1225100,5,0,2,0,0,0
1225200,3,0,5,0,1,0
1225300,3,0,2,0,0,0
1225400,5,0,1,0,1,0
1225500,2,0,2,0,2,0
1225600,2,0,4,0,0,0
1225700,2,0,2,0,1,0
1225800,3,0,2,0,0,0
1225900,4,0,3,0,1,0
1226000,3,0,2,0,1,0
1226100,4,0,2,0,0,0
1226200,5,0,2,0,1,0
1226300,4,0,3,0,0,0
1226400,7,0,2,0,1,0
1226500,5,0,4,0,0,0
1226600,1,0,1,0,2,0
1226700,4,0,2,0,1,0
1226800,8,0,3,0,1,0
1226900,1,0,1,0,2,0
1227000,3,0,1,0,1,0
1227100,0,0,2,0,0,0
1227200,4,0,5,0,1,0
1227300,2,0,2,0,1,0
1227400,0,0,2,0,1,0
1227500,4,0,2,0,2,0
1227600,3,0,2,0,0,0
1227700,2,0,2,0,1,0
1227800,5,0,4,0,0,0
1227900,4,0,4,0,0,0
1228000,1,0,3,0,1,0
1228100,7,0,2,0,0,0
1228200,3,0,5,0,0,0
1228300,0,0,4,0,0,0
1228400,3,0,1,0,3,0
1228500,3,0,1,0,0,0
1228600,2,0,4,0,2,0
1228700,1,0,0,0,0,0
1228800,3,0,4,0,1,0
1228900,2,0,2,0,2,0
1229000,2,0,1,0,0,0
1229100,4,0,3,0,1,0
1229200,3,0,3,0,1,0
1229300,3,0,1,0,0,0
1229400,4,0,4,0,1,0
1229500,5,0,4,0,0,0
1229600,2,0,2,0,0,0
1229700,4,0,4,0,0,0
1229800,5,0,2,0,0,0
1229900,1,0,3,0,1,0
1230000,3,0,1,0,0,0
1230100,4,0,1,0,2,0
1230200,1,0,3,0,1,0
1230300,4,0,2,0,1,0
1230400,4,0,1,0,0,0
1230500,3,0,6,0,0,0
1230600,1,0,2,0,0,0
1230700,6,0,0,0,1,0
1230800,3,0,7,0,0,0
1230900,2,0,1,0,1,0
1231000,2,0,0,0,1,0
1231100,4,0,4,0,0,0
1231200,1,0,3,0,1,0
1231300,3,0,0,0,0,0
1231400,8,0,5,0,0,0
1231500,4,0,0,0,0,0
1231600,3,0,1,0,1,0
1231700,5,0,4,0,2,0
1231800,2,0,0,0,0,0
1231900,1,0,1,0,1,0
1232000,3,0,3,0,0,0
1232100,3,0,2,0,1,0
1232200,3,0,2,0,1,0
1232300,3,0,2,0,2,0
1232400,0,0,1,0,1,0
1232500,4,0,0,0,0,0
1232600,7,0,4,0,2,0
1232700,2,0,1,0,1,0
1232800,2,0,1,0,0,0
1232900,4,0,4,0,1,0
1233000,3,0,1,0,0,0
1233100,3,0,3,0,2,0
1233200,3,0,2,0,2,0
1233300,1,0,0,0,0,0
1233400,4,0,1,0,1,0
1233500,3,0,3,0,0,0
1233600,1,0,2,0,0,0
1233700,4,0,2,0,2,0
1233800,3,0,1,0,1,0
1233900,4,0,0,0,0,0
1234000,4,0,2,0,2,0
1234100,1,0,3,0,1,0
1234200,2,0,1,0,0,0
1234300,1,0,4,0,0,0
1234400,5,0,1,0,1,0
1234500,3,0,1,0,1,0
1234600,2,0,4,0,0,0
1234700,4,0,1,0,0,0
1234800,2,0,2,0,2,0
1234900,1,0,0,0,0,0
1235000,3,0,1,0,3,0
1235100,0,0,2,0,0,0
1235200,0,0,2,0,1,0
1235300,1,0,0,0,0,0
1235400,3,0,5,0,0,0
1235500,4,0,2,0,1,0
1235600,1,0,0,0,0,0
1235700,2,0,2,0,0,0
1235800,7,0,4,0,1,0
1235900,1,0,1,0,0,0
1236000,2,0,1,0,0,0
1236100,8,0,3,0,0,0
1236200,2,0,0,0,1,0
1236300,3,0,1,0,0,0
1236400,4,0,2,0,0,0
1236500,2,0,3,0,1,0
1236600,1,0,1,0,1,0
1236700,2,0,0,0,0,0
1236800,4,0,2,0,1,0
1236900,1,0,2,0,1,0
1237000,2,0,0,0,0,0
1237100,4,0,2,0,1,0
1237200,3,0,3,0,0,0
1237300,2,0,1,0,0,0
1237400,1,0,3,0,1,0
1237500,3,0,1,0,1,0
1237600,2,0,0,0,1,0
1237700,0,0,1,0,1,0
1237800,4,0,0,0,2,0
1237900,2,0,1,0,3,0
1238000,0,0,0,0,0,0
1238100,3,0,2,0,0,0
1238200,3,0,2,0,0,0
1238300,1,0,1,0,1,0
1238400,2,0,0,0,0,0
1238500,3,0,3,0,0,0
1238600,2,0,3,0,1,0
1238700,1,0,0,0,1,0
1238800,3,0,1,0,1,0
1238900,3,0,3,0,1,0
1239000,1,0,0,0,0,0
1239100,2,0,3,0,0,0
1239200,1,0,0,0,1,0
1239300,3,0,0,0,0,0
1239400,4,0,1,0,1,0
1239500,0,0,3,0,1,0
1239600,2,0,0,0,0,0
1239700,3,0,3,0,1,0
1239800,2,0,3,0,0,0
1239900,2,0,0,0,0,0
1240000,2,0,2,0,1,0
1240100,2,0,1,0,1,0
1240200,1,0,0,0,2,0
1240300,2,0,1,0,1,0
1240400,3,0,2,0,0,0
1240500,1,0,3,0,0,0
1240600,3,0,0,0,0,0
1240700,4,0,2,0,0,0
1240800,1,0,0,0,2,0
1240900,1,0,2,0,0,0
1241000,4,0,2,0,1,0
1241100,0,0,1,0,0,0
1241200,1,0,1,0,0,0
1241300,3,0,0,0,2,0
1241400,1,0,3,0,0,0
1241500,1,0,0,0,1,0
1241600,2,0,1,0,0,0
1241700,2,0,3,0,1,0
1241800,3,0,0,0,1,0
1241900,6,0,1,0,1,0
1242000,6,0,2,0,0,0
1242100,3,0,1,0,0,0
1242200,2,0,1,0,1,0
1242300,2,0,1,0,1,0
1242400,2,0,1,0,0,0
1242500,3,0,1,0,0,0
1242600,1,0,2,0,1,0
1242700,2,0,1,0,0,0
1242800,2,0,1,0,0,0
1242900,3,0,3,0,1,0
1243000,1,0,1,0,1,0
1243100,1,0,0,0,0,0
1243200,3,0,3,0,0,0
1243300,1,0,2,0,0,0
1243400,0,0,2,0,0,0
1243500,5,0,1,0,0,0
1243600,2,0,1,0,1,0
1243700,0,0,1,0,0,0
1243800,3,0,0,0,1,0
1243900,1,0,3,0,0,0
1244000,2,0,1,0,0,0
1244100,2,0,2,0,0,0
1244200,2,0,2,0,0,0
1244300,1,0,1,0,0,0
1244400,1,0,1,0,0,0
1244500,2,0,3,0,1,0
1244600,1,0,1,0,0,0
1244700,3,0,1,0,0,0
1244800,4,0,3,0,0,0
1244900,2,0,1,0,1,0
1245000,4,0,0,0,0,0
1245100,3,0,3,0,0,0
1245200,1,0,0,0,2,0
1245300,1,0,1,0,0,0
1245400,2,0,0,0,2,0
1245500,0,0,1,0,1,0
1245600,1,0,1,0,1,0
1245700,1,0,2,0,0,0
1245800,0,0,1,0,0,0
1245900,1,0,1,0,1,0
1246000,3,0,2,0,0,0
1246100,2,0,0,0,1,0
1246200,2,0,1,0,1,0
1246300,0,0,1,0,0,0
1246400,3,0,1,0,0,0
1246500,1,0,3,0,1,0
1246600,1,0,1,0,0,0
1246700,3,0,0,0,0,0
1246800,3,0,4,0,1,0
1246900,1,0,0,0,1,0
1247000,3,0,0,0,0,0
1247100,2,0,3,0,0,0
1247200,3,0,1,0,1,0
1247300,4,0,0,0,1,0
1247400,3,0,0,0,1,0
1247500,4,0,1,0,0,0
1247600,5,0,0,0,0,0
1247700,4,0,2,0,2,0
1247800,0,0,0,0,1,0
1247900,2,0,0,0,0,0
1248000,1,0,3,0,0,0
1248100,3,0,0,0,1,0
1248200,4,0,1,0,0,0
1248300,3,0,0,0,3,0
1248400,2,0,2,0,0,0
1248500,0,0,0,0,1,0
1248600,2,0,2,0,0,0
1248700,1,0,1,0,1,0
1248800,2,0,0,0,0,0
1248900,3,0,4,0,0,0
1249000,1,0,1,0,0,0
1249100,0,0,1,0,0,0
1249200,6,0,1,0,1,0
1249300,2,0,2,0,0,0
1249400,0,0,0,0,1,0
1249500,3,0,2,0,0,0
1249600,3,0,1,0,0,0
1249700,3,0,1,0,2,0
1249800,2,0,1,0,0,0
1249900,1,0,2,0,1,0
1250000,1,0,0,0,1,0
1250100,2,0,2,0,0,0
1250200,1,0,2,0,1,0
1250300,2,0,0,0,1,0
1250400,2,0,2,0,1,0
1250500,0,0,1,0,0,0
1250600,2,0,0,0,1,0
1250700,2,0,1,0,0,0
1250800,2,0,2,0,0,0
1250900,4,0,1,0,0,0
1251000,6,0,1,0,0,0
1251100,2,0,3,0,1,0
1251200,0,0,1,0,0,0
1251300,4,0,1,0,0,0
1251400,4,0,1,0,1,0
1251500,0,0,1,0,0,0
1251600,0,0,1,0,0,0
1251700,2,0,1,0,1,0
1251800,0,0,0,0,1,0
1251900,0,0,0,0,0,0
1252000,0,0,3,0,1,0
1252100,0,0,1,0,0,0
1252200,1,0,0,0,0,0
1252300,3,0,2,0,1,0
1252400,2,0,1,0,0,0
1252500,1,0,1,0,0,0
1252600,3,0,2,0,1,0
1252700,3,0,0,0,0,0
1252800,1,0,2,0,0,0
1252900,2,0,3,0,0,0
1253000,1,0,0,0,0,0
1253100,3,0,1,0,0,0
1253200,4,0,3,0,0,0
1253300,1,0,0,0,0,0
1253400,1,0,1,0,0,0
1253500,4,0,1,0,1,0
1253600,1,0,1,0,0,0
1253700,0,0,0,0,1,0
1253800,2,0,1,0,0,0
1253900,1,0,3,0,0,0
1254000,1,0,0,0,1,0
1254100,4,0,0,0,1,0
1254200,0,0,3,0,0,0
1254300,0,0,0,0,0,0
1254400,3,0,0,0,0,0
1254500,2,0,2,0,1,0
1254600,1,0,1,0,1,0
1254700,1,0,0,0,1,0
1254800,2,0,1,0,0,0
1254900,2,0,1,0,0,0
1255000,1,0,1,0,0,0
1255100,2,0,3,0,0,0
1255200,2,0,0,0,0,0
1255300,5,0,1,0,0,0
1255400,1,0,4,0,0,0
1255500,0,0,0,0,0,0
1255600,3,0,0,0,0,0
1255700,4,0,1,0,0,0
1255800,3,0,2,0,2,0
1255900,1,0,0,0,0,0
1256000,0,0,1,0,0,0
1256100,3,0,3,0,0,0
1256200,3,0,0,0,0,0
1256300,1,0,0,0,2,0
1256400,3,0,0,0,0,0
1256500,1,0,3,0,0,0
1256600,2,0,0,0,0,0
1256700,3,0,2,0,1,0
1256800,0,0,1,0,0,0
1256900,0,0,0,0,0,0
1257000,2,0,1,0,0,0
1257100,1,0,3,0,0,0
1257200,0,0,0,0,0,0
1257300,5,0,1,0,0,0
1257400,2,0,3,0,0,0
1257500,1,0,0,0,1,0
1257600,4,0,1,0,0,0
1257700,0,0,3,0,0,0
1257800,0,0,0,0,0,0
1257900,2,0,1,0,1,0
1258000,1,0,2,0,0,0
1258100,0,0,0,0,0,0
1258200,5,0,0,0,0,0
1258300,2,0,4,0,0,0
1258400,0,0,0,0,0,0
1258500,1,0,0,0,0,0
1258600,2,0,3,0,0,0
1258700,0,0,0,0,0,0
1258800,1,0,0,0,0,0
1258900,3,0,1,0,1,0
1259000,2,0,2,0,1,0
1259100,0,0,0,0,0,0
1259200,1,0,1,0,0,0
1259300,2,0,3,0,0,0
1259400,0,0,0,0,0,0
1259500,1,0,0,0,1,0
1259600,3,0,2,0,0,0
1259700,0,0,1,0,0,0
1259800,1,0,1,0,0,0
1259900,3,0,0,0,0,0
1260000,0,0,1,0,1,0
1260100,3,0,1,0,0,0
1260200,1,0,0,0,2,0
1260300,0,0,1,0,0,0
1260400,3,0,0,0,0,0
1260500,2,0,0,0,2,0
1260600,2,0,1,0,0,0
1260700,1,0,0,0,1,0
1260800,5,0,0,0,0,0
1260900,4,0,1,0,0,0
1261000,5,0,1,0,0,0
1261100,2,0,0,0,1,0
1261200,0,0,2,0,0,0
1261300,1,0,0,0,1,0
1261400,1,0,1,0,1,0
1261500,0,0,1,0,0,0
1261600,0,0,1,0,1,0
1261700,1,0,0,0,0,0
1261800,2,0,0,0,1,0
1261900,1,0,1,0,1,0
1262000,2,0,0,0,0,0
1262100,3,0,1,0,0,0
1262200,3,0,2,0,0,0
1262300,1,0,0,0,0,0
1262400,3,0,1,0,0,0
1262500,5,0,2,0,0,0
1262600,1,0,1,0,0,0
1262700,1,0,1,0,0,0
1262800,2,0,2,0,0,0
1262900,1,0,0,0,0,0
1263000,0,0,1,0,1,0
1263100,2,0,1,0,0,0
1263200,0,0,2,0,0,0
1263300,0,0,1,0,0,0
1263400,2,0,1,0,0,0
1263500,0,0,1,0,0,0
1263600,1,0,2,0,0,0
1263700,2,0,1,0,0,0
1263800,2,0,0,0,1,0
1263900,2,0,1,0,0,0
1264000,1,0,0,0,1,0
1264100,1,0,1,0,0,0
1264200,0,0,2,0,0,0
1264300,1,0,1,0,0,0
1264400,3,0,0,0,0,0
1264500,3,0,2,0,0,0
1264600,3,0,1,0,0,0
1264700,1,0,1,0,0,0
1264800,1,0,2,0,0,0
1264900,3,0,0,0,0,0
1265000,2,0,1,0,0,0
1265100,1,0,3,0,0,0
1265200,0,0,0,0,0,0
1265300,2,0,1,0,1,0
1265400,1,0,2,0,0,0
1265500,0,0,0,0,0,0
1265600,2,0,1,0,0,0
1265700,1,0,3,0,0,0
1265800,0,0,0,0,0,0
1265900,3,0,1,0,0,0
1266000,0,0,2,0,1,0
1266100,0,0,0,0,0,0
1266200,2,0,0,0,1,0
1266300,0,0,1,0,1,0
1266400,0,0,1,0,0,0
1266500,0,0,1,0,1,0
1266600,2,0,1,0,0,0
1266700,0,0,1,0,0,0
1266800,1,0,0,0,0,0
1266900,1,0,1,0,1,0
1267000,1,0,2,0,0,0
1267100,2,0,0,0,0,0
1267200,1,0,1,0,1,0
1267300,1,0,2,0,0,0
1267400,2,0,0,0,0,0
1267500,1,0,2,0,0,0
1267600,1,0,2,0,0,0
1267700,1,0,0,0,0,0
1267800,3,0,1,0,0,0
1267900,2,0,1,0,0,0
1268000,3,0,1,0,0,0
1268100,0,0,2,0,0,0
1268200,1,0,0,0,0,0
1268300,2,0,2,0,0,0
1268400,0,0,1,0,0,0
1268500,0,0,0,0,0,0
1268600,2,0,1,0,0,0
1268700,1,0,2,0,0,0
1268800,1,0,1,0,1,0
1268900,0,0,1,0,1,0
1269000,1,0,1,0,0,0
1269100,1,0,1,0,0,0
1269200,0,0,0,0,0,0
1269300,1,0,3,0,0,0
1269400,1,0,0,0,0,0
1269500,1,0,0,0,0,0
1269600,2,0,3,0,0,0
1269700,0,0,0,0,0,0
1269800,1,0,0,0,0,0
1269900,4,0,2,0,2,0
1270000,0,0,0,0,0,0
1270100,1,0,0,0,0,0
1270200,2,0,2,0,1,0
1270300,0,0,1,0,0,0
1270400,1,0,0,0,0,0
1270500,3,0,2,0,1,0
1270600,0,0,1,0,0,0
1270700,1,0,0,0,0,0
1270800,5,0,0,0,0,0
1270900,3,0,1,0,2,0
1271000,0,0,1,0,0,0
1271100,1,0,0,0,0,0
1271200,3,0,2,0,0,0
1271300,3,0,0,0,1,0
1271400,2,0,0,0,0,0
1271500,1,0,1,0,1,0
1271600,0,0,1,0,0,0
1271700,1,0,0,0,1,0
1271800,3,0,1,0,0,0
1271900,5,0,0,0,0,0
1272000,5,0,1,0,0,0
1272100,4,0,1,0,0,0
1272200,0,0,1,0,0,0
1272300,1,0,1,0,0,0
1272400,2,0,0,0,0,0
1272500,0,0,1,0,0,0
1272600,1,0,1,0,0,0
1272700,1,0,0,0,0,0
1272800,1,0,1,0,0,0
1272900,3,0,1,0,0,0
1273000,1,0,1,0,0,0
1273100,0,0,1,0,0,0
1273200,1,0,1,0,0,0
1273300,0,0,0,0,1,0
1273400,1,0,1,0,0,0
1273500,1,0,0,0,0,0
1273600,0,0,1,0,0,0
1273700,0,0,1,0,1,0
1273800,0,0,0,0,1,0
1273900,0,0,0,0,0,0
1274000,2,0,1,0,0,0
1274100,1,0,1,0,0,0
1274200,2,0,0,0,0,0
1274300,1,0,2,0,0,0
1274400,1,0,1,0,0,0
1274500,1,0,0,0,0,0
1274600,1,0,1,0,1,0
1274700,1,0,1,0,0,0
1274800,1,0,0,0,0,0
1274900,0,0,1,0,0,0
1275000,2,0,1,0,0,0
1275100,0,0,1,0,0,0
1275200,0,0,0,0,0,0
1275300,3,0,1,0,0,0
1275400,0,0,2,0,0,0
1275500,0,0,0,0,0,0
1275600,3,0,1,0,0,0
1275700,0,0,2,0,0,0
1275800,0,0,0,0,0,0
1275900,3,0,1,0,0,0
1276000,1,0,0,0,1,0
1276100,0,0,0,0,0,0
1276200,1,0,1,0,0,0
1276300,0,0,0,0,0,0
1276400,1,0,2,0,0,0
1276500,2,0,0,0,0,0
1276600,2,0,0,0,1,0
1276700,0,0,0,0,1,0
1276800,0,0,0,0,0,0
1276900,1,0,0,0,0,0
1277000,1,0,1,0,1,0
1277100,1,0,1,0,0,0
1277200,2,0,0,0,0,0
1277300,2,0,0,0,1,0
1277400,1,0,0,0,0,0
1277500,5,0,0,0,0,0
1277600,4,0,0,0,0,0
1277700,2,0,2,0,0,0
1277800,0,0,0,0,0,0
1277900,0,0,0,0,0,0
1278000,4,0,1,0,0,0
1278100,2,0,0,0,1,0
1278200,0,0,0,0,0,0
1278300,1,0,0,0,1,0
1278400,1,0,0,0,0,0
1278500,3,0,0,0,0,0
1278600,3,0,2,0,0,0
1278700,3,0,0,0,0,0
1278800,0,0,0,0,0,0
1278900,2,0,2,0,0,0
1279000,0,0,0,0,0,0
1279100,0,0,0,0,0,0
1279200,1,0,0,0,1,0
1279300,0,0,1,0,0,0
1279400,0,0,0,0,0,0
1279500,1,0,1,0,0,0
1279600,2,0,0,0,0,0
1279700,0,0,0,0,1,0
1279800,1,0,1,0,0,0
1279900,0,0,0,0,1,0
1280000,0,0,0,0,0,0
1280100,1,0,1,0,0,0
1280200,0,0,0,0,0,0
1280300,0,0,0,0,1,0
1280400,1,0,0,0,0,0
1280500,1,0,1,0,0,0
1280600,2,0,0,0,0,0
1280700,3,0,0,0,0,0
1280800,0,0,1,0,1,0
1280900,0,0,0,0,0,0
1281000,2,0,0,0,0,0
1281100,1,0,1,0,0,0
1281200,1,0,1,0,0,0
1281300,1,0,0,0,0,0
1281400,0,0,1,0,0,0
1281500,2,0,0,0,0,0
1281600,2,0,1,0,0,0
1281700,0,0,1,0,0,0
1281800,0,0,0,0,0,0
1281900,0,0,1,0,1,0
1282000,0,0,0,0,0,0
1282100,0,0,0,0,0,0
1282200,0,0,1,0,0,0
1282300,1,0,0,0,0,0
1282400,1,0,1,0,0,0
1282500,1,0,1,0,0,0
1282600,0,0,0,0,0,0
1282700,1,0,1,0,0,0
1282800,2,0,0,0,0,0
1282900,1,0,1,0,0,0
1283000,1,0,1,0,0,0
1283100,0,0,0,0,0,0
1283200,1,0,1,0,0,0
1283300,1,0,1,0,0,0
1283400,0,0,0,0,0,0
1283500,1,0,0,0,0,0
1283600,1,0,2,0,0,0
1283700,0,0,0,0,0,0
1283800,1,0,0,0,0,0
1283900,2,0,1,0,0,0
1284000,1,0,0,0,0,0
1284100,1,0,1,0,0,0
1284200,0,0,1,0,0,0
1284300,0,0,0,0,1,0
1284400,0,0,0,0,1,0
1284500,0,0,0,0,0,0
1284600,0,0,0,0,0,0
1284700,0,0,1,0,0,0
1284800,0,0,1,0,0,0
1284900,1,0,0,0,0,0
1285000,1,0,0,0,0,0
1285100,0,0,1,0,0,0
1285200,0,0,0,0,0,0
1285300,1,0,0,0,0,0
1285400,4,0,0,0,1,0
1285500,0,0,1,0,1,0
1285600,0,0,0,0,0,0
1285700,1,0,0,0,0,0
1285800,1,0,2,0,0,0
1285900,0,0,0,0,0,0
1286000,0,0,0,0,0,0
1286100,3,0,0,0,1,0
1286200,1,0,1,0,0,0
1286300,0,0,0,0,0,0
1286400,1,0,0,0,1,0
1286500,1,0,1,0,0,0
1286600,0,0,0,0,0,0
1286700,1,0,1,0,0,0
1286800,0,0,1,0,0,0
1286900,0,0,0,0,0,0
1287000,1,0,1,0,0,0
1287100,0,0,0,0,0,0
1287200,2,0,0,0,0,0
1287300,2,0,1,0,0,0
1287400,0,0,0,0,1,0
1287500,1,0,0,0,0,0
1287600,0,0,1,0,0,0
1287700,0,0,0,0,0,0
1287800,3,0,0,0,0,0
1287900,2,0,1,0,0,0
1288000,2,0,0,0,0,0
1288100,3,0,0,0,0,0
1288200,2,0,1,0,0,0
1288300,0,0,1,0,0,0
1288400,1,0,0,0,0,0
1288500,1,0,1,0,0,0
1288600,0,0,1,0,0,0
1288700,0,0,0,0,1,0
1288800,1,0,0,0,0,0
1288900,2,0,0,0,0,0
1289000,0,0,1,0,0,0
1289100,0,0,1,0,0,0
1289200,1,0,0,0,0,0
1289300,0,0,1,0,0,0
1289400,1,0,1,0,0,0
1289500,0,0,0,0,1,0
1289600,0,0,0,0,0,0
1289700,1,0,1,0,0,0
1289800,0,0,0,0,0,0
1289900,0,0,1,0,0,0
1290000,1,0,0,0,1,0
1290100,0,0,0,0,0,0
1290200,1,0,0,0,0,0
1290300,1,0,1,0,0,0
1290400,0,0,0,0,0,0
1290500,0,0,0,0,0,0
1290600,3,0,0,0,0,0
1290700,3,0,2,0,0,0
1290800,0,0,0,0,0,0
1290900,0,0,0,0,0,0
1291000,2,0,1,0,1,0
1291100,0,0,0,0,0,0
1291200,0,0,0,0,0,0
1291300,1,0,0,0,1,0
1291400,0,0,1,0,0,0
1291500,0,0,0,0,0,0
1291600,1,0,0,0,0,0
1291700,2,0,1,0,0,0
1291800,0,0,1,0,0,0
1291900,1,0,0,0,0,0
1292000,1,0,0,0,1,0
1292100,0,0,1,0,0,0
1292200,1,0,0,0,0,0
1292300,3,0,0,0,0,0
1292400,0,0,1,0,1,0
1292500,0,0,0,0,0,0
1292600,1,0,1,0,0,0
1292700,0,0,1,0,0,0
1292800,0,0,0,0,0,0
1292900,1,0,0,0,0,0
1293000,3,0,0,0,0,0
1293100,3,0,0,0,1,0
1293200,0,0,1,0,0,0
1293300,0,0,0,0,0,0
1293400,2,0,0,0,1,0
1293500,1,0,1,0,0,0
1293600,0,0,0,0,0,0
1293700,0,0,0,0,0,0
1293800,1,0,2,0,0,0
1293900,0,0,0,0,0,0
1294000,0,0,0,0,0,0
1294100,2,0,1,0,1,0
1294200,0,0,0,0,0,0
1294300,0,0,0,0,0,0
1294400,2,0,2,0,0,0
1294500,0,0,0,0,0,0
1294600,0,0,0,0,0,0
1294700,2,0,1,0,0,0
1294800,0,0,1,0,0,0
1294900,0,0,0,0,0,0
1295000,2,0,0,0,1,0
1295100,2,0,0,0,0,0
1295200,1,0,1,0,0,0
1295300,0,0,0,0,0,0
1295400,2,0,0,0,0,0
1295500,1,0,2,0,0,0
1295600,0,0,0,0,0,0
1295700,1,0,0,0,0,0
1295800,0,0,2,0,0,0
1295900,0,0,0,0,0,0
1296000,1,0,0,0,0,0
1296100,0,0,0,0,0,0
1296200,0,0,1,0,0,0
1296300,0,0,0,0,0,0
1296400,1,0,0,0,0,0
1296500,1,0,1,0,1,0
1296600,1,0,1,0,0,0
1296700,1,0,0,0,0,0
1296800,2,0,0,0,0,0
1296900,1,0,2,0,0,0
1297000,0,0,0,0,0,0
1297100,1,0,0,0,0,0
1297200,1,0,2,0,0,0
1297300,0,0,0,0,0,0
1297400,0,0,0,0,0,0
1297500,2,0,2,0,0,0
1297600,0,0,0,0,0,0
1297700,0,0,0,0,0,0
1297800,3,0,1,0,0,0
1297900,1,0,0,0,1,0
1298000,0,0,0,0,0,0
1298100,0,0,0,0,1,0
1298200,0,0,0,0,1,0
1298300,0,0,0,0,0,0
1298400,0,0,1,0,0,0
1298500,0,0,1,0,0,0
1298600,0,0,0,0,0,0
1298700,1,0,0,0,0,0
1298800,1,0,2,0,0,0
1298900,0,0,0,0,0,0
1299000,1,0,0,0,0,0
1299100,1,0,2,0,0,0
1299200,0,0,0,0,0,0
1299300,1,0,0,0,0,0
1299400,2,0,1,0,0,0
1299500,1,0,1,0,0,0
1299600,1,0,0,0,0,0
1299700,0,0,0,0,0,0
1299800,1,0,0,0,0,0
1299900,0,0,0,0,1,0
1300000,0,0,0,0,0,0
1300100,4,0,0,0,0,0
1300200,2,0,1,0,0,0
1300300,1,0,0,0,1,0
1300400,0,0,0,0,0,0
1300500,1,0,1,0,0,0
1300600,0,0,0,0,0,0
1300700,0,0,1,0,0,0
1300800,1,0,0,0,1,0
1300900,1,0,0,0,0,0
1301000,0,0,1,0,0,0
1301100,1,0,0,0,1,0
1301200,1,0,0,0,0,0
1301300,2,0,0,0,0,0
1301400,2,0,0,0,1,0
1301500,0,0,1,0,0,0
1301600,0,0,0,0,0,0
1301700,0,0,1,0,0,0
1301800,1,0,1,0,0,0
1301900,0,0,0,0,0,0
1302000,0,0,0,0,0,0
1302100,2,0,0,0,1,0
1302200,0,0,0,0,0,0
1302300,0,0,0,0,0,0
1302400,2,0,0,0,0,0
1302500,0,0,0,0,1,0
1302600,3,0,0,0,0,0
1302700,0,0,1,0,0,0
1302800,0,0,1,0,0,0
1302900,1,0,0,0,0,0
1303000,0,0,1,0,0,0
1303100,1,0,0,0,1,0
1303200,0,0,0,0,0,0
1303300,1,0,1,0,0,0
1303400,1,0,1,0,0,0
1303500,0,0,0,0,0,0
1303600,1,0,1,0,0,0
1303700,1,0,1,0,0,0
1303800,0,0,0,0,0,0
1303900,1,0,1,0,0,0
1304000,1,0,1,0,0,0
1304100,0,0,0,0,0,0
1304200,1,0,1,0,0,0
1304300,1,0,0,0,0,0
1304400,0,0,1,0,0,0
1304500,1,0,1,0,0,0
1304600,1,0,0,0,0,0
1304700,0,0,1,0,0,0
1304800,0,0,1,0,0,0
1304900,1,0,0,0,0,0
1305000,0,0,0,0,1,0
1305100,0,0,0,0,0,0
1305200,0,0,2,0,0,0
1305300,0,0,0,0,0,0
1305400,1,0,0,0,0,0
1305500,0,0,1,0,0,0
1305600,0,0,1,0,0,0
1305700,0,0,0,0,0,0
1305800,1,0,0,0,0,0
1305900,1,0,1,0,1,0
1306000,0,0,0,0,0,0
1306100,0,0,0,0,0,0
1306200,1,0,1,0,0,0
1306300,1,0,0,0,0,0
1306400,0,0,1,0,0,0
1306500,1,0,1,0,0,0
1306600,1,0,0,0,0,0
1306700,3,0,0,0,0,0
1306800,2,0,2,0,0,0
1306900,0,0,0,0,0,0
1307000,0,0,0,0,0,0
1307100,3,0,0,0,0,0
1307200,2,0,1,0,0,0
1307300,1,0,1,0,0,0
1307400,0,0,0,0,1,0
1307500,0,0,0,0,0,0
1307600,0,0,0,0,1,0
1307700,0,0,0,0,0,0
1307800,0,0,1,0,0,0
1307900,0,0,0,0,0,0
1308000,0,0,1,0,0,0
1308100,0,0,0,0,0,0
1308200,2,0,1,0,0,0
1308300,0,0,0,0,1,0
1308400,0,0,0,0,0,0
1308500,2,0,1,0,0,0
1308600,0,0,1,0,0,0
1308700,0,0,0,0,0,0
1308800,2,0,1,0,0,0
1308900,0,0,1,0,0,0
1309000,0,0,0,0,0,0
1309100,2,0,1,0,0,0
1309200,0,0,1,0,0,0
1309300,0,0,0,0,0,0
1309400,2,0,1,0,0,0
1309500,2,0,0,0,0,0
1309600,0,0,1,0,0,0
1309700,1,0,1,0,0,0
1309800,1,0,0,0,0,0
1309900,0,0,0,0,1,0
1310000,1,0,0,0,0,0
1310100,0,0,1,0,1,0
1310200,0,0,0,0,0,0
1310300,0,0,0,0,1,0
1310400,0,0,0,0,0,0
1310500,0,0,1,0,0,0
1310600,0,0,0,0,0,0
1310700,0,0,1,0,0,0
1310800,1,0,1,0,0,0
1310900,1,0,0,0,0,0
1311000,0,0,1,0,0,0
1311100,1,0,1,0,0,0
1311200,0,0,0,0,0,0
1311300,1,0,0,0,0,0
1311400,1,0,1,0,0,0
1311500,0,0,0,0,0,0
1311600,0,0,0,0,0,0
1311700,1,0,1,0,0,0
1311800,1,0,0,0,1,0
1311900,1,0,1,0,0,0
1312000,1,0,0,0,0,0
1312100,0,0,1,0,0,0
1312200,1,0,1,0,0,0
1312300,1,0,0,0,0,0
1312400,0,0,0,0,1,0
1312500,1,0,1,0,0,0
1312600,1,0,0,0,0,0
1312700,0,0,1,0,0,0
1312800,1,0,1,0,0,0
1312900,0,0,0,0,1,0
1313000,0,0,0,0,0,0
1313100,1,0,1,0,0,0
1313200,0,0,0,0,0,0
1313300,0,0,1,0,0,0
1313400,0,0,0,0,0,0
1313500,2,0,0,0,0,0
1313600,0,0,2,0,0,0
1313700,0,0,0,0,0,0
1313800,1,0,0,0,1,0
1313900,0,0,1,0,0,0
1314000,0,0,0,0,0,0
1314100,0,0,0,0,0,0
1314200,0,0,1,0,0,0
1314300,1,0,1,0,0,0
1314400,1,0,0,0,0,0
1314500,0,0,1,0,0,0
1314600,1,0,1,0,0,0
1314700,1,0,0,0,0,0
1314800,0,0,1,0,0,0
1314900,1,0,1,0,0,0
1315000,1,0,0,0,0,0
1315100,0,0,1,0,0,0
1315200,2,0,0,0,0,0
1315300,2,0,1,0,0,0
1315400,0,0,1,0,0,0
1315500,0,0,0,0,0,0
1315600,2,0,0,0,0,0
1315700,0,0,1,0,0,0
1315800,0,0,0,0,0,0
1315900,0,0,0,0,0,0
1316000,1,0,0,0,0,0
1316100,1,0,3,0,0,0
1316200,0,0,0,0,0,0
1316300,0,0,0,0,0,0
1316400,1,0,1,0,0,0
1316500,0,0,1,0,0,0
1316600,0,0,0,0,0,0
1316700,0,0,1,0,0,0
1316800,1,0,1,0,0,0
1316900,0,0,0,0,0,0
1317000,0,0,0,0,0,0
1317100,1,0,0,0,1,0
1317200,0,0,0,0,0,0
1317300,1,0,0,0,0,0
1317400,0,0,1,0,0,0
1317500,1,0,0,0,0,0
1317600,3,0,0,0,0,0
1317700,0,0,1,0,1,0
1317800,0,0,0,0,0,0
1317900,2,0,0,0,0,0
1318000,0,0,2,0,0,0
1318100,0,0,0,0,0,0
1318200,2,0,0,0,0,0
1318300,0,0,2,0,0,0
1318400,0,0,0,0,0,0
1318500,2,0,0,0,0,0
1318600,0,0,2,0,0,0
1318700,0,0,0,0,0,0
1318800,1,0,0,0,0,0
1318900,1,0,1,0,0,0
1319000,0,0,0,0,0,0
1319100,0,0,0,0,0,0
1319200,0,0,0,0,0,0
1319300,1,0,0,0,0,0
1319400,1,0,0,0,0,0
1319500,2,0,1,0,0,0
1319600,0,0,0,0,0,0
1319700,1,0,0,0,0,0
1319800,2,0,0,0,0,0
1319900,1,0,1,0,0,0
1320000,0,0,0,0,0,0
1320100,0,0,0,0,1,0
1320200,0,0,0,0,0,0
1320300,1,0,0,0,0,0
1320400,2,0,0,0,0,0
1320500,0,0,2,0,0,0
1320600,0,0,0,0,0,0
1320700,0,0,0,0,0,0
1320800,1,0,0,0,0,0
1320900,1,0,1,0,0,0
1321000,0,0,0,0,0,0
1321100,0,0,0,0,0,0
1321200,1,0,1,0,0,0
1321300,1,0,0,0,0,0
1321400,1,0,0,0,1,0
1321500,1,0,1,0,0,0
1321600,0,0,0,0,0,0
1321700,0,0,1,0,0,0
1321800,1,0,1,0,0,0
1321900,0,0,0,0,0,0
1322000,0,0,0,0,0,0
1322100,2,0,1,0,0,0
1322200,0,0,0,0,0,0
1322300,0,0,0,0,0,0
1322400,1,0,1,0,0,0
1322500,0,0,0,0,0,0
1322600,2,0,0,0,0,0
1322700,1,0,1,0,0,0
1322800,0,0,0,0,0,0
1322900,0,0,0,0,0,0
1323000,0,0,0,0,1,0
1323100,0,0,0,0,0,0
1323200,0,0,0,0,0,0
1323300,0,0,0,0,0,0
1323400,2,0,0,0,0,0
1323500,0,0,1,0,0,0
1323600,0,0,0,0,0,0
1323700,1,0,0,0,0,0
1323800,0,0,1,0,0,0
1323900,0,0,0,0,0,0
1324000,0,0,0,0,0,0
1324100,0,0,0,0,0,0
1324200,1,0,1,0,0,0
1324300,0,0,0,0,0,0
1324400,0,0,0,0,0,0
1324500,0,0,0,0,0,0
1324600,1,0,1,0,0,0
1324700,0,0,0,0,0,0
1324800,0,0,0,0,0,0
1324900,1,0,1,0,0,0
1325000,0,0,0,0,0,0
1325100,0,0,0,0,0,0
1325200,1,0,1,0,0,0
1325300,0,0,0,0,0,0
1325400,0,0,0,0,0,0
1325500,1,0,1,0,0,0
1325600,0,0,0,0,0,0
1325700,0,0,0,0,0,0
1325800,0,0,0,0,1,0
1325900,0,0,0,0,0,0
1326000,0,0,0,0,0,0
1326100,0,0,0,0,0,0
1326200,0,0,1,0,0,0
1326300,0,0,0,0,0,0
1326400,1,0,0,0,0,0
1326500,0,0,1,0,0,0
1326600,0,0,0,0,0,0
1326700,1,0,0,0,0,0
1326800,0,0,1,0,0,0
1326900,0,0,0,0,0,0
1327000,1,0,0,0,0,0
1327100,0,0,1,0,0,0
1327200,0,0,0,0,0,0
1327300,1,0,0,0,0,0
1327400,0,0,0,0,0,0
1327500,0,0,0,0,0,0
1327600,0,0,0,0,0,0
1327700,0,0,0,0,0,0
1327800,2,0,0,0,0,0
1327900,1,0,1,0,0,0
1328000,0,0,0,0,0,0
1328100,0,0,0,0,0,0
1328200,1,0,1,0,0,0
1328300,0,0,0,0,0,0
1328400,0,0,0,0,0,0
1328500,0,0,0,0,0,0
1328600,1,0,0,0,0,0
1328700,0,0,0,0,0,0
1328800,0,0,0,0,0,0
1328900,0,0,0,0,0,0
1329000,1,0,0,0,0,0
1329100,1,0,0,0,1,0
1329200,0,0,1,0,0,0
1329300,0,0,0,0,0,0
1329400,0,0,0,0,0,0
1329500,0,0,0,0,0,0
1329600,1,0,1,0,0,0
1329700,0,0,0,0,0,0
1329800,0,0,0,0,0,0
1329900,0,0,1,0,0,0
1330000,0,0,0,0,0,0
1330100,0,0,0,0,0,0
1330200,0,0,1,0,0,0
1330300,0,0,0,0,0,0
1330400,0,0,0,0,0,0
1330500,1,0,1,0,0,0
1330600,0,0,0,0,0,0
1330700,0,0,0,0,0,0
1330800,1,0,0,0,0,0
1330900,0,0,1,0,0,0
1331000,0,0,0,0,0,0
1331100,0,0,0,0,0,0
1331200,1,0,0,0,0,0
1331300,0,0,1,0,0,0
1331400,0,0,0,0,0,0
1331500,1,0,0,0,0,0
1331600,2,0,0,0,0,0
1331700,0,0,1,0,0,0
1331800,0,0,0,0,0,0
1331900,1,0,0,0,0,0
1332000,0,0,1,0,0,0
1332100,0,0,0,0,0,0
1332200,1,0,0,0,0,0
1332300,0,0,0,0,0,0
1332400,0,0,0,0,0,0
1332500,0,0,0,0,0,0
1332600,0,0,0,0,0,0
1332700,1,0,0,0,0,0
1332800,2,0,1,0,0,0
1332900,0,0,0,0,0,0
1333000,0,0,0,0,0,0
1333100,0,0,0,0,0,0
1333200,0,0,0,0,1,0
1333300,0,0,0,0,0,0
1333400,0,0,0,0,0,0
1333500,0,0,0,0,0,0
1333600,0,0,1,0,0,0
1333700,0,0,0,0,0,0
1333800,1,0,0,0,0,0
1333900,0,0,1,0,0,0
1334000,0,0,0,0,0,0
1334100,0,0,0,0,0,0
1334200,0,0,0,0,0,0
1334300,1,0,1,0,0,0
1334400,0,0,0,0,0,0
1334500,0,0,0,0,0,0
1334600,0,0,0,0,0,0
1334700,1,0,0,0,0,0
1334800,0,0,0,0,0,0
1334900,0,0,0,0,0,0
1335000,0,0,0,0,0,0
1335100,1,0,0,0,0,0
1335200,2,0,0,0,0,0
1335300,0,0,1,0,0,0
1335400,0,0,0,0,0,0
1335500,0,0,0,0,0,0
1335600,1,0,0,0,0,0
1335700,0,0,1,0,0,0
1335800,0,0,0,0,0,0
1335900,1,0,0,0,0,0
1336000,0,0,1,0,0,0
1336100,0,0,0,0,0,0
1336200,1,0,0,0,0,0
1336300,0,0,1,0,0,0
1336400,0,0,0,0,0,0
1336500,0,0,0,0,0,0
1336600,1,0,1,0,0,0
1336700,0,0,0,0,0,0
1336800,0,0,0,0,0,0
1336900,0,0,0,0,1,0
1337000,0,0,0,0,0,0
1337100,0,0,0,0,0,0
1337200,0,0,1,0,0,0
1337300,0,0,0,0,0,0
1337400,0,0,0,0,0,0
1337500,1,0,1,0,0,0
1337600,0,0,0,0,0,0
1337700,0,0,0,0,0,0
1337800,0,0,0,0,0,0
1337900,1,0,0,0,0,0
1338000,0,0,1,0,0,0
1338100,0,0,0,0,0,0
1338200,1,0,0,0,0,0
1338300,0,0,1,0,0,0
1338400,0,0,0,0,0,0
1338500,1,0,0,0,0,0
1338600,0,0,1,0,0,0
1338700,0,0,0,0,0,0
1338800,0,0,0,0,0,0
1338900,1,0,0,0,0,0
1339000,0,0,1,0,0,0
1339100,0,0,0,0,0,0
1339200,0,0,0,0,0,0
1339300,0,0,0,0,0,0
1339400,1,0,1,0,0,0
1339500,0,0,0,0,0,0
1339600,0,0,0,0,0,0
1339700,0,0,0,0,0,0
1339800,1,0,0,0,0,0
1339900,0,0,1,0,0,0
1340000,0,0,0,0,0,0
1340100,0,0,0,0,0,0
1340200,0,0,0,0,1,0
1340300,0,0,0,0,0,0
1340400,0,0,0,0,0,0
1340500,0,0,0,0,0,0
1340600,0,0,1,0,0,0
1340700,0,0,0,0,0,0
1340800,1,0,0,0,0,0
1340900,0,0,0,0,1,0
1341000,0,0,0,0,0,0
1341100,0,0,0,0,0,0
1341200,0,0,0,0,0,0
1341300,1,0,0,0,0,0
1341400,0,0,0,0,0,0
1341500,0,0,0,0,0,0
1341600,0,0,0,0,0,0
1341700,1,0,0,0,0,0
1341800,2,0,1,0,0,0
1341900,0,0,0,0,0,0
1342000,0,0,0,0,0,0
1342100,0,0,0,0,0,0
1342200,1,0,0,0,0,0
1342300,0,0,1,0,0,0
1342400,0,0,0,0,0,0
1342500,0,0,0,0,0,0
1342600,1,0,0,0,0,0
1342700,0,0,0,0,0,0
1342800,0,0,0,0,0,0
1342900,0,0,0,0,0,0
1343000,0,0,0,0,0,0
1343100,1,0,0,0,0,0
1343200,2,0,1,0,0,0
1343300,0,0,0,0,0,0
1343400,0,0,0,0,0,0
1343500,0,0,0,0,0,0
1343600,1,0,0,0,0,0
1343700,0,0,0,0,0,0
1343800,0,0,0,0,0,0
1343900,0,0,0,0,0,0
1344000,1,0,0,0,0,0
1344100,1,0,0,0,1,0
1344200,0,0,1,0,0,0
1344300,0,0,0,0,0,0
1344400,1,0,0,0,0,0
1344500,0,0,1,0,0,0
1344600,0,0,0,0,0,0
1344700,1,0,0,0,0,0
1344800,0,0,1,0,0,0
1344900,0,0,0,0,0,0
1345000,0,0,1,0,0,0
1345100,0,0,0,0,0,0
1345200,0,0,0,0,0,0
1345300,0,0,0,0,0,0
1345400,0,0,1,0,0,0
1345500,0,0,0,0,0,0
1345600,0,0,0,0,0,0
1345700,0,0,0,0,0,0
1345800,1,0,1,0,0,0
1345900,0,0,0,0,0,0
1346000,0,0,0,0,0,0
1346100,1,0,1,0,0,0
1346200,0,0,0,0,0,0
1346300,0,0,0,0,0,0
1346400,1,0,0,0,0,0
1346500,0,0,1,0,0,0
1346600,0,0,0,0,0,0
1346700,0,0,0,0,0,0
1346800,1,0,0,0,0,0
1346900,0,0,0,0,0,0
1347000,0,0,0,0,0,0
1347100,0,0,0,0,0,0
1347200,0,0,0,0,0,0
1347300,3,0,0,0,0,0
1347400,0,0,1,0,0,0
1347500,0,0,0,0,0,0
1347600,1,0,0,0,0,0
1347700,0,0,1,0,0,0
1347800,0,0,0,0,0,0
1347900,1,0,0,0,0,0
1348000,0,0,1,0,0,0
1348100,0,0,0,0,0,0
1348200,0,0,0,0,0,0
1348300,1,0,1,0,0,0
1348400,0,0,0,0,0,0
1348500,0,0,0,0,0,0
1348600,0,0,0,0,0,0
1348700,1,0,0,0,0,0
1348800,0,0,0,0,0,0
1348900,0,0,0,0,0,0
1349000,0,0,0,0,0,0
1349100,0,0,0,0,0,0
1349200,2,0,0,0,1,0
1349300,0,0,0,0,0,0
1349400,0,0,0,0,0,0
1349500,0,0,0,0,0,0
1349600,0,0,1,0,0,0
1349700,0,0,0,0,0,0
1349800,0,0,0,0,0,0
1349900,1,0,0,0,0,0
1350000,0,0,1,0,0,0
1350100,0,0,0,0,0,0
1350200,1,0,0,0,0,0
1350300,0,0,1,0,0,0
1350400,0,0,0,0,0,0
1350500,0,0,0,0,0,0
1350600,1,0,1,0,0,0
1350700,0,0,0,0,0,0
1350800,0,0,0,0,0,0
1350900,0,0,0,0,0,0
1351000,1,0,1,0,0,0
1351100,0,0,0,0,0,0
1351200,0,0,0,0,0,0
1351300,1,0,0,0,0,0
1351400,0,0,0,0,0,0
1351500,0,0,0,0,0,0
1351600,0,0,0,0,0,0
1351700,1,0,0,0,0,0
1351800,2,0,0,0,0,0
1351900,0,0,1,0,0,0
1352000,0,0,0,0,0,0
1352100,0,0,0,0,0,0
1352200,1,0,0,0,0,0
1352300,0,0,1,0,0,0
1352400,0,0,0,0,0,0
1352500,0,0,0,0,0,0
1352600,1,0,1,0,0,0
1352700,0,0,0,0,0,0
1352800,0,0,0,0,0,0
1352900,0,0,0,0,1,0
1353000,0,0,0,0,0,0
1353100,0,0,0,0,0,0
1353200,0,0,1,0,0,0
1353300,0,0,0,0,0,0
1353400,0,0,0,0,0,0
1353500,1,0,1,0,0,0
1353600,0,0,0,0,0,0
1353700,0,0,0,0,0,0
1353800,0,0,0,0,0,0
1353900,1,0,0,0,0,0
1354000,0,0,0,0,0,0
1354100,0,0,0,0,0,0
1354200,0,0,0,0,0,0
1354300,0,0,0,0,0,0
1354400,3,0,0,0,0,0
1354500,0,0,1,0,0,0
1354600,0,0,0,0,0,0
1354700,0,0,0,0,0,0
1354800,0,0,0,0,0,0
1354900,1,0,0,0,0,0
1355000,0,0,0,0,0,0
1355100,0,0,0,0,0,0
1355200,0,0,0,0,0,0
1355300,1,0,0,0,0,0
1355400,2,0,0,0,0,0
1355500,0,0,1,0,0,0
1355600,0,0,0,0,0,0
1355700,0,0,0,0,0,0
1355800,1,0,0,0,0,0
1355900,0,0,1,0,0,0
1356000,0,0,0,0,0,0
1356100,0,0,0,0,0,0
1356200,0,0,0,0,0,0
1356300,1,0,0,0,0,0
1356400,0,0,0,0,0,0
1356500,0,0,0,0,0,0
1356600,0,0,0,0,0,0
1356700,1,0,0,0,0,0
1356800,2,0,0,0,0,0
1356900,0,0,1,0,0,0
1357000,0,0,0,0,0,0
1357100,0,0,0,0,0,0
1357200,1,0,0,0,0,0
1357300,0,0,1,0,0,0
1357400,0,0,0,0,0,0
1357500,1,0,0,0,0,0
1357600,0,0,1,0,0,0
1357700,0,0,0,0,0,0
1357800,0,0,0,0,0,0
1357900,0,0,0,0,0,0
1358000,0,0,0,0,1,0
1358100,0,0,0,0,0,0
1358200,0,0,0,0,0,0
1358300,0,0,1,0,0,0
1358400,0,0,0,0,0,0
1358500,0,0,0,0,0,0
1358600,1,0,1,0,0,0
1358700,0,0,0,0,0,0
1358800,0,0,0,0,0,0
1358900,1,0,1,0,0,0
1359000,0,0,0,0,0,0
1359100,0,0,0,0,0,0
1359200,1,0,1,0,0,0
1359300,0,0,0,0,0,0
1359400,0,0,0,0,0,0
1359500,0,0,0,0,0,0
1359600,1,0,0,0,0,0
1359700,0,0,0,0,0,0
1359800,0,0,0,0,0,0
1359900,0,0,0,0,0,0
1360000,0,0,0,0,0,0
1360100,2,0,0,0,0,0
1360200,1,0,1,0,0,0
1360300,0,0,0,0,0,0
1360400,0,0,0,0,0,0
1360500,0,0,0,0,0,0
1360600,1,0,0,0,0,0
1360700,0,0,0,0,0,0
1360800,0,0,0,0,0,0
1360900,0,0,0,0,0,0
1361000,1,0,0,0,0,0
1361100,1,0,0,0,1,0
1361200,0,0,1,0,0,0
1361300,0,0,0,0,0,0
1361400,0,0,0,0,0,0
1361500,1,0,0,0,0,0
1361600,0,0,0,0,0,0
1361700,0,0,0,0,0,0
1361800,0,0,0,0,0,0
1361900,0,0,0,0,0,0
1362000,1,0,0,0,0,0
1362100,3,0,0,0,0,0
1362200,1,0,0,0,0,0
1362300,0,0,0,0,0,0
1362400,0,0,0,0,0,0
1362500,0,0,0,0,0,0
1362600,1,0,0,0,0,0
1362700,1,0,0,0,0,0
1362800,0,0,0,0,0,0
